# This file uses centimeters as units for non-parametric coordinates.

mtllib FlashLight.mtl
g default
v 3.940298 1.280281 -26.626397
v 3.351818 2.435239 -26.626397
v 2.435239 3.351818 -26.626397
v 1.280280 3.940298 -26.626397
v -0.000000 4.143075 -26.626397
v -1.280281 3.940297 -26.626397
v -2.435239 3.351818 -26.626397
v -3.351818 2.435239 -26.626397
v -3.940297 1.280280 -26.626397
v -4.143074 0.000000 -26.626397
v -3.940297 -1.280280 -26.626397
v -3.351818 -2.435237 -26.626397
v -2.435237 -3.351818 -26.626397
v -1.280280 -3.940296 -26.626397
v -0.000000 -4.143073 -26.626397
v 1.280280 -3.940296 -26.626397
v 2.435237 -3.351818 -26.626397
v 3.351818 -2.435237 -26.626397
v 3.940296 -1.280280 -26.626397
v 4.143074 0.000000 -26.626397
v 4.026543 1.308302 -24.670049
v 3.425182 2.488543 -24.670051
v 2.488541 3.425181 -24.670049
v 1.308302 4.026542 -24.670047
v -0.000001 4.233756 -24.670049
v -1.308304 4.026541 -24.670051
v -2.488541 3.425182 -24.670047
v -3.425182 2.488542 -24.670049
v -4.026544 1.308304 -24.670049
v -4.233757 0.000000 -24.670049
v -4.026541 -1.308303 -24.670051
v -3.425182 -2.488538 -24.670047
v -2.488540 -3.425180 -24.670051
v -1.308302 -4.026541 -24.670049
v -0.000003 -4.233757 -24.670049
v 1.308301 -4.026539 -24.670049
v 2.488537 -3.425182 -24.670049
v 3.425181 -2.488537 -24.670049
v 4.026539 -1.308302 -24.670051
v 4.233757 -0.000004 -24.670049
v 4.026543 1.308302 -22.434198
v 3.425182 2.488540 -22.434209
v 2.488541 3.425182 -22.434205
v 1.308302 4.026542 -22.434205
v 0.000000 4.233760 -22.434205
v -1.308304 4.026542 -22.434205
v -2.488541 3.425182 -22.434207
v -3.425181 2.488540 -22.434205
v -4.026541 1.308302 -22.434205
v -4.233758 0.000002 -22.434207
v -4.026541 -1.308302 -22.434205
v -3.425182 -2.488541 -22.434205
v -2.488538 -3.425181 -22.434205
v -1.308303 -4.026544 -22.434205
v 0.000000 -4.233756 -22.434205
v 1.308302 -4.026541 -22.434205
v 2.488539 -3.425180 -22.434205
v 3.425183 -2.488537 -22.434205
v 4.026541 -1.308303 -22.434205
v 4.233757 0.000000 -22.434205
v 4.026543 1.308302 -20.198359
v 3.425184 2.488541 -20.198359
v 2.488542 3.425181 -20.198359
v 1.308303 4.026542 -20.198359
v -0.000000 4.233758 -20.198359
v -1.308304 4.026544 -20.198359
v -2.488542 3.425182 -20.198359
v -3.425182 2.488541 -20.198359
v -4.026541 1.308305 -20.198361
v -4.233757 0.000002 -20.198359
v -4.026541 -1.308303 -20.198359
v -3.425182 -2.488540 -20.198359
v -2.488541 -3.425180 -20.198359
v -1.308303 -4.026543 -20.198359
v 0.000001 -4.233757 -20.198359
v 1.308304 -4.026541 -20.198359
v 2.488540 -3.425183 -20.198359
v 3.425182 -2.488536 -20.198359
v 4.026541 -1.308301 -20.198359
v 4.233757 0.000000 -20.198359
v 4.026542 1.308304 -17.962535
v 3.425183 2.488540 -17.962535
v 2.488541 3.425181 -17.962535
v 1.308304 4.026542 -17.962535
v -0.000000 4.233758 -17.962535
v -1.308304 4.026542 -17.962535
v -2.488542 3.425182 -17.962535
v -3.425181 2.488543 -17.962535
v -4.026541 1.308303 -17.962535
v -4.233758 0.000002 -17.962535
v -4.026541 -1.308303 -17.962535
v -3.425182 -2.488539 -17.962535
v -2.488539 -3.425182 -17.962535
v -1.308304 -4.026540 -17.962535
v -0.000000 -4.233758 -17.962535
v 1.308302 -4.026541 -17.962535
v 2.488539 -3.425183 -17.962535
v 3.425182 -2.488537 -17.962535
v 4.026540 -1.308303 -17.962535
v 4.233757 0.000000 -17.962535
v 4.026543 1.308303 -15.726691
v 3.425183 2.488543 -15.726691
v 2.488541 3.425182 -15.726691
v 1.308303 4.026543 -15.726693
v -0.000000 4.233758 -15.726691
v -1.308304 4.026543 -15.726691
v -2.488541 3.425182 -15.726691
v -3.425182 2.488541 -15.726690
v -4.026541 1.308303 -15.726691
v -4.233757 0.000001 -15.726691
v -4.026541 -1.308302 -15.726691
v -3.425182 -2.488540 -15.726691
v -2.488540 -3.425182 -15.726691
v -1.308303 -4.026543 -15.726691
v -0.000001 -4.233757 -15.726691
v 1.308303 -4.026541 -15.726691
v 2.488539 -3.425181 -15.726691
v 3.425182 -2.488539 -15.726691
v 4.026541 -1.308301 -15.726691
v 4.233758 -0.000000 -15.726691
v 4.026543 1.308304 -13.490869
v 3.425182 2.488541 -13.490869
v 2.488541 3.425182 -13.490869
v 1.308303 4.026542 -13.490868
v -0.000000 4.233758 -13.490871
v -1.308304 4.026542 -13.490869
v -2.488542 3.425182 -13.490869
v -3.425182 2.488541 -13.490867
v -4.026542 1.308304 -13.490869
v -4.233757 -0.000000 -13.490869
v -4.026541 -1.308302 -13.490869
v -3.425181 -2.488539 -13.490869
v -2.488540 -3.425181 -13.490869
v -1.308303 -4.026541 -13.490869
v 0.000000 -4.233757 -13.490869
v 1.308303 -4.026540 -13.490869
v 2.488539 -3.425181 -13.490869
v 3.425182 -2.488539 -13.490869
v 4.026541 -1.308301 -13.490869
v 4.233758 0.000001 -13.490869
v 4.026543 1.308304 -11.255034
v 3.425182 2.488541 -11.255034
v 2.488541 3.425182 -11.255034
v 1.308303 4.026542 -11.255034
v -0.000000 4.233757 -11.255034
v -1.308304 4.026542 -11.255034
v -2.488541 3.425182 -11.255034
v -3.425182 2.488541 -11.255035
v -4.026541 1.308303 -11.255034
v -4.233757 0.000000 -11.255034
v -4.026541 -1.308302 -11.255034
v -3.425181 -2.488539 -11.255034
v -2.488539 -3.425182 -11.255034
v -1.308303 -4.026541 -11.255034
v -0.000000 -4.233757 -11.255034
v 1.308302 -4.026541 -11.255034
v 2.488539 -3.425182 -11.255033
v 3.425182 -2.488539 -11.255034
v 4.026541 -1.308302 -11.255034
v 4.233757 0.000000 -11.255034
v 4.026543 1.308304 -9.019192
v 3.425182 2.488541 -9.019192
v 2.488542 3.425182 -9.019192
v 1.308303 4.026542 -9.019192
v 0.000000 4.233757 -9.019192
v -1.308304 4.026542 -9.019192
v -2.488541 3.425182 -9.019192
v -3.425182 2.488541 -9.019192
v -4.026541 1.308303 -9.019192
v -4.233757 0.000000 -9.019192
v -4.026541 -1.308303 -9.019192
v -3.425182 -2.488539 -9.019192
v -2.488539 -3.425182 -9.019192
v -1.308303 -4.026541 -9.019192
v -0.000000 -4.233757 -9.019192
v 1.308303 -4.026541 -9.019192
v 2.488539 -3.425182 -9.019192
v 3.425182 -2.488539 -9.019193
v 4.026541 -1.308302 -9.019192
v 4.233757 0.000000 -9.019192
v 4.026543 1.308304 -6.783355
v 3.425182 2.488541 -6.783356
v 2.488542 3.425182 -6.783356
v 1.308303 4.026542 -6.783356
v -0.000000 4.233757 -6.783356
v -1.308304 4.026541 -6.783356
v -2.488542 3.425182 -6.783355
v -3.425182 2.488541 -6.783355
v -4.026541 1.308303 -6.783355
v -4.233757 -0.000000 -6.783356
v -4.026541 -1.308303 -6.783356
v -3.425181 -2.488539 -6.783356
v -2.488539 -3.425182 -6.783356
v -1.308303 -4.026541 -6.783355
v -0.000000 -4.233757 -6.783356
v 1.308302 -4.026541 -6.783356
v 2.488539 -3.425182 -6.783357
v 3.425182 -2.488539 -6.783356
v 4.026541 -1.308302 -6.783355
v 4.233757 -0.000000 -6.783356
v 4.026542 1.308303 -4.547519
v 3.425182 2.488541 -4.547518
v 2.488541 3.425182 -4.547518
v 1.308302 4.026543 -4.547518
v -0.000001 4.233757 -4.547518
v -1.308304 4.026542 -4.547518
v -2.488542 3.425181 -4.547518
v -3.425182 2.488542 -4.547518
v -4.026541 1.308301 -4.547519
v -4.233758 -0.000000 -4.547518
v -4.026542 -1.308302 -4.547518
v -3.425182 -2.488539 -4.547518
v -2.488539 -3.425181 -4.547518
v -1.308303 -4.026541 -4.547519
v -0.000000 -4.233757 -4.547517
v 1.308302 -4.026541 -4.547518
v 2.488539 -3.425182 -4.547519
v 3.425181 -2.488539 -4.547519
v 4.026541 -1.308303 -4.547518
v 4.233758 0.000000 -4.547518
v 4.026542 1.308304 -2.311682
v 3.425182 2.488541 -2.311681
v 2.488541 3.425182 -2.311682
v 1.308303 4.026541 -2.311681
v 0.000001 4.233757 -2.311681
v -1.308304 4.026542 -2.311682
v -2.488541 3.425182 -2.311681
v -3.425182 2.488542 -2.311681
v -4.026541 1.308303 -2.311681
v -4.233757 -0.000000 -2.311681
v -4.026542 -1.308303 -2.311682
v -3.425181 -2.488540 -2.311681
v -2.488539 -3.425182 -2.311681
v -1.308303 -4.026541 -2.311681
v 0.000000 -4.233757 -2.311682
v 1.308302 -4.026541 -2.311682
v 2.488539 -3.425182 -2.311681
v 3.425182 -2.488539 -2.311682
v 4.026541 -1.308301 -2.311682
v 4.233758 0.000000 -2.311681
v 4.026542 1.308303 -0.075844
v 3.425182 2.488542 -0.075845
v 2.488541 3.425182 -0.075845
v 1.308303 4.026542 -0.075845
v 0.000000 4.233759 -0.075845
v -1.308303 4.026543 -0.075845
v -2.488541 3.425182 -0.075845
v -3.425183 2.488540 -0.075845
v -4.026541 1.308303 -0.075845
v -4.233757 -0.000000 -0.075845
v -4.026542 -1.308302 -0.075845
v -3.425183 -2.488540 -0.075844
v -2.488540 -3.425182 -0.075844
v -1.308303 -4.026542 -0.075846
v 0.000001 -4.233757 -0.075845
v 1.308302 -4.026540 -0.075844
v 2.488539 -3.425183 -0.075845
v 3.425182 -2.488539 -0.075844
v 4.026540 -1.308301 -0.075845
v 4.233757 -0.000001 -0.075844
v 4.026543 1.308305 2.159994
v 3.425182 2.488544 2.159993
v 2.488541 3.425183 2.159993
v 1.308303 4.026542 2.159993
v -0.000001 4.233755 2.159992
v -1.308305 4.026541 2.159992
v -2.488541 3.425182 2.159993
v -3.425183 2.488540 2.159993
v -4.026542 1.308303 2.159992
v -4.233757 0.000000 2.159993
v -4.026541 -1.308302 2.159993
v -3.425182 -2.488538 2.159992
v -2.488540 -3.425182 2.159994
v -1.308303 -4.026541 2.159991
v -0.000000 -4.233757 2.159994
v 1.308302 -4.026540 2.159994
v 2.488539 -3.425182 2.159994
v 3.425182 -2.488539 2.159992
v 4.026541 -1.308303 2.159993
v 4.233758 -0.000001 2.159994
v 4.026542 1.308306 4.395833
v 3.425182 2.488543 4.395832
v 2.488542 3.425182 4.395832
v 1.308304 4.026542 4.395833
v -0.000001 4.233757 4.395833
v -1.308303 4.026542 4.395832
v -2.488540 3.425182 4.395832
v -3.425182 2.488540 4.395832
v -4.026542 1.308305 4.395833
v -4.233757 -0.000001 4.395832
v -4.026541 -1.308303 4.395833
v -3.425182 -2.488537 4.395833
v -2.488539 -3.425181 4.395832
v -1.308303 -4.026541 4.395833
v -0.000001 -4.233759 4.395832
v 1.308302 -4.026539 4.395831
v 2.488539 -3.425182 4.395832
v 3.425182 -2.488539 4.395834
v 4.026541 -1.308300 4.395831
v 4.233759 0.000000 4.395830
v 4.026542 1.308306 6.631665
v 3.425183 2.488541 6.631664
v 2.488541 3.425180 6.631665
v 1.308302 4.026543 6.631665
v 0.000003 4.233758 6.631664
v -1.308304 4.026541 6.631664
v -2.488540 3.425182 6.631664
v -3.425180 2.488540 6.631665
v -4.026540 1.308303 6.631665
v -4.233757 0.000002 6.631665
v -4.026541 -1.308302 6.631665
v -3.425182 -2.488541 6.631666
v -2.488539 -3.425179 6.631664
v -1.308301 -4.026540 6.631662
v -0.000000 -4.233756 6.631664
v 1.308302 -4.026540 6.631664
v 2.488539 -3.425181 6.631664
v 3.425182 -2.488540 6.631664
v 4.026543 -1.308302 6.631664
v 4.233757 0.000000 6.631664
v 4.519856 1.468590 9.124715
v 3.844819 2.793424 9.124715
v 2.793424 3.844819 9.124715
v 1.468590 4.519855 9.124715
v 0.000000 4.752459 9.124715
v -1.468590 4.519855 9.124718
v -2.793424 3.844818 9.124718
v -3.844818 2.793424 9.124718
v -4.519854 1.468590 9.124718
v -4.752455 -0.000000 9.124718
v -4.519854 -1.468590 9.124718
v -3.844817 -2.793423 9.124718
v -2.793423 -3.844817 9.124718
v -1.468590 -4.519854 9.124718
v -0.000000 -4.752455 9.124718
v 1.468590 -4.519853 9.124715
v 2.793423 -3.844817 9.124715
v 3.844816 -2.793423 9.124715
v 4.519853 -1.468590 9.124715
v 4.752454 -0.000000 9.124715
v 4.910172 1.595411 9.737772
v 4.176844 3.034653 9.737772
v 3.034653 4.176844 9.737772
v 1.595411 4.910172 9.737772
v 0.000000 5.162864 9.737772
v -1.595411 4.910172 9.737772
v -3.034653 4.176841 9.737772
v -4.176844 3.034652 9.737772
v -4.910172 1.595411 9.737772
v -5.162858 -0.000000 9.737772
v -4.910172 -1.595411 9.737772
v -4.176840 -3.034652 9.737772
v -3.034652 -4.176840 9.737772
v -1.595411 -4.910172 9.737772
v -0.000000 -5.162858 9.737772
v 1.595411 -4.910172 9.737772
v 3.034651 -4.176840 9.737772
v 4.176839 -3.034652 9.737772
v 4.910172 -1.595411 9.737772
v 5.162857 -0.000000 9.737772
v 5.853371 1.901875 11.717601
v 4.979175 3.617581 11.717601
v 3.617582 4.979174 11.717601
v 1.901875 5.853370 11.717601
v 0.000000 6.154597 11.717601
v -1.901875 5.853370 11.717601
v -3.617581 4.979172 11.717601
v -4.979172 3.617581 11.717601
v -5.853369 1.901874 11.717601
v -6.154595 -0.000000 11.717601
v -5.853369 -1.901875 11.717601
v -4.979172 -3.617581 11.717601
v -3.617581 -4.979172 11.717601
v -1.901874 -5.853369 11.717601
v -0.000000 -6.154595 11.717601
v 1.901874 -5.853368 11.717601
v 3.617581 -4.979172 11.717601
v 4.979172 -3.617581 11.717601
v 5.853368 -1.901874 11.717601
v 6.154595 -0.000000 11.717601
v 5.853371 1.901875 13.687071
v 4.979175 3.617581 13.687071
v 3.617582 4.979174 13.687071
v 1.901875 5.853370 13.687071
v 0.000000 6.154597 13.687071
v -1.901875 5.853370 13.687071
v -3.617581 4.979172 13.687071
v -4.979172 3.617581 13.687071
v -5.853369 1.901874 13.687071
v -6.154595 -0.000000 13.687071
v -5.853369 -1.901875 13.687071
v -4.979172 -3.617581 13.687071
v -3.617581 -4.979172 13.687071
v -1.901874 -5.853369 13.687071
v -0.000000 -6.154595 13.687071
v 1.901874 -5.853368 13.687071
v 3.617581 -4.979172 13.687071
v 4.979172 -3.617581 13.687071
v 5.853368 -1.901874 13.687071
v 6.154595 -0.000000 13.687071
v 5.853371 1.901875 15.656539
v 4.979175 3.617581 15.656539
v 3.617582 4.979174 15.656539
v 1.901875 5.853370 15.656539
v 0.000000 6.154597 15.656539
v -1.901875 5.853370 15.656539
v -3.617581 4.979172 15.656539
v -4.979172 3.617581 15.656539
v -5.853369 1.901874 15.656539
v -6.154595 -0.000000 15.656539
v -5.853369 -1.901875 15.656539
v -4.979172 -3.617581 15.656539
v -3.617581 -4.979172 15.656539
v -1.901874 -5.853369 15.656539
v -0.000000 -6.154595 15.656539
v 1.901874 -5.853368 15.656539
v 3.617581 -4.979172 15.656539
v 4.979172 -3.617581 15.656539
v 5.853368 -1.901874 15.656539
v 6.154595 -0.000000 15.656539
v 5.017218 1.630194 15.594439
v 4.267901 3.100811 15.594439
v 3.100812 4.267900 15.594437
v 1.630194 5.017218 15.594439
v 0.000000 5.275414 15.594437
v -1.630194 5.017217 15.594437
v -3.100811 4.267899 15.594437
v -4.267898 3.100811 15.594441
v -5.017216 1.630192 15.594441
v -5.275412 -0.000000 15.594441
v -5.017216 -1.630192 15.594441
v -4.267898 -3.100811 15.594439
v -3.100811 -4.267898 15.594437
v -1.630192 -5.017216 15.594441
v -0.000000 -5.275412 15.594439
v 1.630192 -5.017216 15.594437
v 3.100811 -4.267899 15.594437
v 4.267898 -3.100811 15.594441
v 5.017216 -1.630192 15.594441
v 5.275412 -0.000000 15.594439
v 4.823516 1.567255 14.066594
v 4.103129 2.981098 14.066594
v -0.000000 -0.000000 10.732064
v 2.981098 4.103127 14.066594
v 1.567255 4.823516 14.066594
v 0.000001 5.071744 14.066594
v -1.567255 4.823516 14.066594
v -2.981098 4.103125 14.066594
v -4.103127 2.981095 14.066594
v -4.823516 1.567255 14.066594
v -5.071744 -0.000000 14.066594
v -4.823516 -1.567254 14.066594
v -4.103128 -2.981094 14.066594
v -2.981096 -4.103126 14.066594
v -1.567254 -4.823516 14.066594
v -0.000001 -5.071743 14.066594
v 1.567254 -4.823516 14.066594
v 2.981098 -4.103125 14.066594
v 4.103127 -2.981095 14.066594
v 4.823516 -1.567257 14.066594
v 5.071742 -0.000001 14.066594
v 3.696991 1.201225 -27.139011
v 3.144849 2.284866 -27.139011
v 2.284866 3.144849 -27.139011
v 1.201225 3.696992 -27.139011
v -0.000000 3.887246 -27.139011
v -1.201225 3.696991 -27.139011
v -2.284865 3.144849 -27.139011
v -3.144849 2.284865 -27.139011
v -3.696989 1.201225 -27.139011
v -3.887245 0.000000 -27.139011
v -3.696991 -1.201224 -27.139011
v -3.144848 -2.284864 -27.139011
v -2.284865 -3.144848 -27.139011
v -1.201224 -3.696988 -27.139011
v -0.000000 -3.887244 -27.139011
v 1.201224 -3.696988 -27.139011
v 2.284864 -3.144848 -27.139011
v 3.144848 -2.284864 -27.139011
v 3.696989 -1.201224 -27.139011
v 3.887244 0.000000 -27.139011
v 3.453006 1.121951 -28.537820
v 2.937303 2.134077 -28.537820
v 2.134078 2.937305 -28.537820
v 1.121952 3.453010 -28.537820
v 0.000000 3.630709 -28.537820
v -1.121951 3.453008 -28.537820
v -2.134076 2.937305 -28.537820
v -2.937303 2.134076 -28.537820
v -3.453006 1.121951 -28.537820
v -3.630709 0.000000 -28.537820
v -3.453008 -1.121951 -28.537820
v -2.937304 -2.134076 -28.537820
v -2.134075 -2.937303 -28.537820
v -1.121949 -3.453007 -28.537820
v -0.000000 -3.630706 -28.537820
v 1.121948 -3.453007 -28.537820
v 2.134076 -2.937303 -28.537820
v 2.937305 -2.134076 -28.537820
v 3.453008 -1.121950 -28.537820
v 3.630706 0.000000 -28.537820
v 2.950089 0.958543 -29.026093
v 2.509496 1.823257 -29.026093
v 1.823257 2.509498 -29.026093
v 0.958544 2.950092 -29.026093
v 0.000000 3.101910 -29.026093
v -0.958542 2.950092 -29.026095
v -1.823256 2.509498 -29.026107
v -2.509496 1.823257 -29.026107
v -2.950089 0.958542 -29.026095
v -3.101910 0.000000 -29.026093
v -2.950092 -0.958542 -29.026093
v -2.509497 -1.823256 -29.026093
v -1.823255 -2.509496 -29.026093
v -0.958540 -2.950089 -29.026093
v -0.000000 -3.101907 -29.026093
v 0.958540 -2.950089 -29.026093
v 1.823256 -2.509496 -29.026093
v 2.509498 -1.823255 -29.026093
v 2.950089 -0.958542 -29.026093
v 3.101907 0.000000 -29.026093
v 0.000000 0.000000 -32.045735
v 2.162429 0.702616 -31.434865
v 2.747650 0.892766 -30.625296
v 2.337289 1.698141 -30.625296
v 1.839472 1.336455 -31.434865
v 1.698141 2.337291 -30.625296
v 1.336454 1.839472 -31.434865
v 0.892766 2.747650 -30.625296
v 0.702616 2.162429 -31.434865
v 0.000000 2.889050 -30.625296
v 0.000000 2.273713 -31.434865
v -0.892765 2.747650 -30.625296
v -0.702615 2.162429 -31.434865
v -1.698137 2.337291 -30.625296
v -1.336450 1.839472 -31.434873
v -2.337286 1.698139 -30.625296
v -1.839467 1.336453 -31.434873
v -2.747647 0.892764 -30.625296
v -2.162427 0.702614 -31.434865
v -2.889050 -0.000000 -30.625296
v -2.273713 -0.000000 -31.434865
v -2.747650 -0.892765 -30.625296
v -2.162429 -0.702616 -31.434865
v -2.337292 -1.698140 -30.625296
v -1.839474 -1.336454 -31.434865
v -1.698143 -2.337289 -30.625296
v -1.336457 -1.839471 -31.434865
v -0.892763 -2.747649 -30.625296
v -0.702614 -2.162427 -31.434865
v -0.000000 -2.889049 -30.625296
v -0.000000 -2.273710 -31.434865
v 0.892763 -2.747649 -30.625296
v 0.702614 -2.162427 -31.434865
v 1.698141 -2.337289 -30.625296
v 1.336455 -1.839470 -31.434865
v 2.337292 -1.698140 -30.625296
v 1.839474 -1.336454 -31.434865
v 2.747650 -0.892765 -30.625296
v 2.162428 -0.702616 -31.434865
v 2.889049 0.000000 -30.625296
v 2.273711 0.000000 -31.434865
v 3.725862 1.898423 -25.787957
v 3.691224 1.880773 -26.626397
v 3.383272 2.458092 -25.787957
v 3.725863 1.898423 -24.670049
v 3.977275 1.292296 -25.787957
v 2.956862 2.956862 -25.787957
v 2.929372 2.929372 -26.626397
v 2.458092 3.383272 -25.787957
v 2.956862 2.956864 -24.670049
v 1.898422 3.725864 -25.787957
v 1.880773 3.691224 -26.626397
v 1.292295 3.977275 -25.787957
v 1.898422 3.725865 -24.670051
v 0.654151 4.130151 -25.787957
v 0.648070 4.091753 -26.626397
v -0.000000 4.181954 -25.787957
v 0.654151 4.130151 -24.670047
v -0.654152 4.130150 -25.787957
v -0.648070 4.091753 -26.626397
v -1.292295 3.977275 -25.787957
v -0.654152 4.130150 -24.670047
v -1.898422 3.725862 -25.787957
v -1.880773 3.691224 -26.626397
v -2.458091 3.383272 -25.787957
v -1.898421 3.725861 -24.670047
v -2.956861 2.956861 -25.787957
v -2.929371 2.929371 -26.626397
v -3.383272 2.458091 -25.787957
v -2.956861 2.956859 -24.670047
v -3.725861 1.898422 -25.787957
v -3.691224 1.880772 -26.626397
v -3.977274 1.292295 -25.787957
v -3.725861 1.898422 -24.670049
v -4.130150 0.654151 -25.787957
v -4.091753 0.648070 -26.626397
v -4.181954 0.000000 -25.787957
v -4.130151 0.654153 -24.670049
v -4.130150 -0.654151 -25.787957
v -4.091753 -0.648070 -26.626397
v -3.977274 -1.292295 -25.787957
v -4.130149 -0.654149 -24.670049
v -3.725861 -1.898421 -25.787957
v -3.691224 -1.880772 -26.626397
v -3.383272 -2.458090 -25.787957
v -3.725861 -1.898421 -24.670049
v -2.956861 -2.956861 -25.787957
v -2.929371 -2.929371 -26.626397
v -2.458090 -3.383272 -25.787957
v -2.956862 -2.956861 -24.670047
v -1.898422 -3.725861 -25.787957
v -1.880772 -3.691223 -26.626397
v -1.292295 -3.977273 -25.787957
v -1.898423 -3.725861 -24.670049
v -0.654152 -4.130149 -25.787957
v -0.648070 -4.091753 -26.626397
v -0.000000 -4.181953 -25.787957
v -0.654152 -4.130150 -24.670049
v 0.654151 -4.130149 -25.787957
v 0.648069 -4.091753 -26.626397
v 1.292294 -3.977273 -25.787957
v 0.654151 -4.130147 -24.670049
v 1.898421 -3.725861 -25.787957
v 1.880772 -3.691222 -26.626397
v 2.458090 -3.383272 -25.787957
v 1.898419 -3.725863 -24.670049
v 2.956861 -2.956861 -25.787957
v 2.929371 -2.929371 -26.626397
v 3.383272 -2.458090 -25.787957
v 2.956861 -2.956861 -24.670049
v 3.725861 -1.898421 -25.787957
v 3.691222 -1.880772 -26.626397
v 3.977273 -1.292294 -25.787957
v 3.725860 -1.898421 -24.670049
v 4.130149 -0.654151 -25.787957
v 4.091753 -0.648069 -26.626397
v 4.181953 0.000000 -25.787957
v 4.130148 -0.654153 -24.670047
v 4.130150 0.654152 -25.787957
v 4.091753 0.648070 -26.626397
v 4.130151 0.654151 -24.670051
v 3.587307 1.827825 -26.905866
v 3.829369 1.244238 -26.905866
v 3.463296 1.764637 -27.139011
v 3.257457 2.366682 -26.905866
v 2.846902 2.846902 -26.905866
v 2.748487 2.748487 -27.139011
v 2.366682 3.257455 -26.905866
v 1.827824 3.587307 -26.905866
v 1.764638 3.463296 -27.139011
v 1.244237 3.829368 -26.905866
v 0.629825 3.976559 -26.905866
v 0.608053 3.839093 -27.139011
v -0.000000 4.026436 -26.905866
v -0.629825 3.976558 -26.905866
v -0.608053 3.839092 -27.139011
v -1.244237 3.829368 -26.905866
v -1.827824 3.587306 -26.905866
v -1.764637 3.463296 -27.139011
v -2.366680 3.257455 -26.905866
v -2.846902 2.846902 -26.905866
v -2.748487 2.748487 -27.139011
v -3.257454 2.366679 -26.905866
v -3.587305 1.827823 -26.905866
v -3.463296 1.764637 -27.139011
v -3.829367 1.244237 -26.905866
v -3.976558 0.629825 -26.905866
v -3.839091 0.608052 -27.139011
v -4.026436 0.000000 -26.905866
v -3.976558 -0.629825 -26.905866
v -3.839091 -0.608052 -27.139011
v -3.829367 -1.244237 -26.905866
v -3.587305 -1.827823 -26.905866
v -3.463296 -1.764636 -27.139011
v -3.257455 -2.366679 -26.905866
v -2.846902 -2.846902 -26.905866
v -2.748487 -2.748487 -27.139011
v -2.366679 -3.257454 -26.905866
v -1.827823 -3.587304 -26.905866
v -1.764636 -3.463295 -27.139011
v -1.244237 -3.829367 -26.905866
v -0.629825 -3.976557 -26.905866
v -0.608052 -3.839090 -27.139011
v -0.000000 -4.026436 -26.905866
v 0.629825 -3.976557 -26.905866
v 0.608052 -3.839090 -27.139011
v 1.244236 -3.829366 -26.905866
v 1.827823 -3.587304 -26.905866
v 1.764636 -3.463295 -27.139011
v 2.366678 -3.257454 -26.905866
v 2.846902 -2.846902 -26.905866
v 2.748487 -2.748487 -27.139011
v 3.257454 -2.366678 -26.905866
v 3.587304 -1.827823 -26.905866
v 3.463296 -1.764636 -27.139011
v 3.829367 -1.244236 -26.905866
v 3.976557 -0.629825 -26.905866
v 3.839090 -0.608052 -27.139011
v 4.026436 0.000000 -26.905866
v 3.976558 0.629825 -26.905866
v 3.839091 0.608053 -27.139011
v 3.368378 1.716275 -27.838412
v 3.595667 1.168304 -27.838412
v 3.234734 1.648181 -28.537820
v 3.058659 2.222247 -27.838412
v 2.673160 2.673160 -27.838412
v 2.567101 2.567102 -28.537820
v 2.222247 3.058659 -27.838412
v 1.716276 3.368379 -27.838412
v 1.648182 3.234737 -28.537820
v 1.168305 3.595670 -27.838412
v 0.591388 3.733877 -27.838412
v 0.567925 3.585733 -28.537820
v 0.000000 3.780710 -27.838412
v -0.591388 3.733876 -27.838412
v -0.567924 3.585733 -28.537820
v -1.168303 3.595669 -27.838412
v -1.716275 3.368378 -27.838412
v -1.648180 3.234736 -28.537820
v -2.222245 3.058659 -27.838412
v -2.673160 2.673160 -27.838412
v -2.567100 2.567101 -28.537820
v -3.058657 2.222245 -27.838412
v -3.368378 1.716275 -27.838412
v -3.234734 1.648180 -28.537820
v -3.595667 1.168303 -27.838412
v -3.733875 0.591388 -27.838412
v -3.585733 0.567924 -28.537820
v -3.780709 0.000000 -27.838412
v -3.733876 -0.591388 -27.838412
v -3.585733 -0.567924 -28.537820
v -3.595669 -1.168303 -27.838412
v -3.368378 -1.716274 -27.838412
v -3.234736 -1.648180 -28.537820
v -3.058659 -2.222244 -27.838412
v -2.673160 -2.673160 -27.838412
v -2.567101 -2.567100 -28.537820
v -2.222244 -3.058657 -27.838412
v -1.716273 -3.368378 -27.838412
v -1.648178 -3.234736 -28.537820
v -1.168302 -3.595667 -27.838412
v -0.591387 -3.733875 -27.838412
v -0.567923 -3.585732 -28.537820
v -0.000000 -3.780708 -27.838412
v 0.591387 -3.733875 -27.838412
v 0.567923 -3.585732 -28.537820
v 1.168301 -3.595667 -27.838412
v 1.716273 -3.368378 -27.838412
v 1.648178 -3.234736 -28.537820
v 2.222244 -3.058657 -27.838412
v 2.673160 -2.673160 -27.838412
v 2.567101 -2.567100 -28.537820
v 3.058659 -2.222244 -27.838412
v 3.368378 -1.716274 -27.838412
v 3.234736 -1.648180 -28.537820
v 3.595667 -1.168303 -27.838412
v 3.733875 -0.591388 -27.838412
v 3.585732 -0.567924 -28.537820
v 3.780708 0.000000 -27.838412
v 3.733875 0.591388 -27.838412
v 3.585730 0.567925 -28.537820
v 2.994548 1.525801 -28.770961
v 3.196613 1.038644 -28.770961
v 2.763607 1.408130 -29.026093
v 2.719202 1.975617 -28.770961
v 2.376488 2.376491 -28.770961
v 2.193213 2.193213 -29.026093
v 1.975618 2.719204 -28.770961
v 1.525802 2.994551 -28.770961
v 1.408131 2.763610 -29.026093
v 1.038645 3.196617 -28.770961
v 0.525756 3.319485 -28.770961
v 0.485209 3.063485 -29.026093
v 0.000000 3.361123 -28.770961
v -0.525755 3.319485 -28.770961
v -0.485208 3.063485 -29.026093
v -1.038643 3.196617 -28.770961
v -1.525800 2.994551 -28.770961
v -1.408129 2.763610 -29.026107
v -1.975617 2.719204 -28.770961
v -2.376488 2.376490 -28.770961
v -2.193211 2.193213 -29.026107
v -2.719202 1.975617 -28.770961
v -2.994550 1.525800 -28.770961
v -2.763607 1.408129 -29.026107
v -3.196614 1.038643 -28.770961
v -3.319484 0.525755 -28.770961
v -3.063484 0.485208 -29.026093
v -3.361122 0.000000 -28.770961
v -3.319485 -0.525755 -28.770961
v -3.063485 -0.485208 -29.026093
v -3.196617 -1.038643 -28.770961
v -2.994551 -1.525799 -28.770961
v -2.763610 -1.408129 -29.026093
v -2.719204 -1.975616 -28.770961
v -2.376488 -2.376488 -28.770961
v -2.193213 -2.193212 -29.026093
v -1.975616 -2.719202 -28.770961
v -1.525798 -2.994550 -28.770961
v -1.408127 -2.763608 -29.026093
v -1.038641 -3.196614 -28.770961
v -0.525753 -3.319484 -28.770961
v -0.485207 -3.063484 -29.026093
v -0.000000 -3.361119 -28.770961
v 0.525753 -3.319484 -28.770961
v 0.485207 -3.063484 -29.026093
v 1.038640 -3.196614 -28.770961
v 1.525798 -2.994550 -28.770961
v 1.408127 -2.763608 -29.026093
v 1.975616 -2.719202 -28.770961
v 2.376489 -2.376488 -28.770961
v 2.193213 -2.193211 -29.026093
v 2.719204 -1.975616 -28.770961
v 2.994550 -1.525799 -28.770961
v 2.763610 -1.408129 -29.026093
v 3.196614 -1.038643 -28.770961
v 3.319484 -0.525754 -28.770961
v 3.063484 -0.485208 -29.026093
v 3.361118 0.000000 -28.770961
v 3.319484 0.525755 -28.770961
v 3.063483 0.485209 -29.026093
v 2.670999 0.423045 -31.085538
v 2.572134 0.835737 -31.085538
v 2.853261 0.451913 -30.625296
v 2.704500 0.000000 -31.085538
v 2.297094 0.363824 -31.406022
v 2.409543 1.227724 -31.085538
v 2.072239 1.055859 -31.406022
v 2.187987 1.589667 -31.085538
v 2.573964 1.311501 -30.625296
v 1.912223 1.912225 -31.085538
v 1.644537 1.644539 -31.406022
v 1.589665 2.187988 -31.085538
v 2.042709 2.042710 -30.625296
v 1.227724 2.409544 -31.085538
v 1.055858 2.072239 -31.406022
v 0.835738 2.572135 -31.085538
v 1.311501 2.573966 -30.625296
v 0.423045 2.671000 -31.085538
v 0.363824 2.297095 -31.406022
v 0.000000 2.704502 -31.085538
v 0.451913 2.853262 -30.625296
v -0.423044 2.671000 -31.085538
v -0.363823 2.297095 -31.406022
v -0.835736 2.572135 -31.085538
v -0.451912 2.853262 -30.625296
v -1.227721 2.409544 -31.085538
v -1.055856 2.072239 -31.406022
v -1.589662 2.187988 -31.085538
v -1.311499 2.573966 -30.625296
v -1.912219 1.912223 -31.085538
v -1.644534 1.644537 -31.406026
v -2.187982 1.589664 -31.085538
v -2.042705 2.042709 -30.625296
v -2.409539 1.227722 -31.085538
v -2.072235 1.055856 -31.406022
v -2.572131 0.835735 -31.085538
v -2.573962 1.311499 -30.625296
v -2.670999 0.423044 -31.085538
v -2.297094 0.363823 -31.406022
v -2.704501 -0.000000 -31.085538
v -2.853261 0.451911 -30.625296
v -2.670999 -0.423045 -31.085538
v -2.297094 -0.363824 -31.406022
v -2.572133 -0.835737 -31.085538
v -2.853262 -0.451912 -30.625296
v -2.409544 -1.227724 -31.085538
v -2.072240 -1.055858 -31.406022
v -2.187991 -1.589665 -31.085538
v -2.573966 -1.311500 -30.625296
v -1.912227 -1.912223 -31.085538
v -1.644541 -1.644537 -31.406022
v -1.589669 -2.187986 -31.085538
v -2.042712 -2.042709 -30.625296
v -1.227724 -2.409543 -31.085538
v -1.055859 -2.072237 -31.406022
v -0.835735 -2.572132 -31.085538
v -1.311500 -2.573963 -30.625296
v -0.423043 -2.670999 -31.085538
v -0.363823 -2.297094 -31.406022
v -0.000000 -2.704500 -31.085538
v -0.451911 -2.853260 -30.625296
v 0.423043 -2.670999 -31.085538
v 0.363823 -2.297094 -31.406022
v 0.835734 -2.572132 -31.085538
v 0.451910 -2.853260 -30.625296
v 1.227722 -2.409543 -31.085538
v 1.055858 -2.072237 -31.406022
v 1.589667 -2.187986 -31.085538
v 1.311499 -2.573963 -30.625296
v 1.912226 -1.912223 -31.085538
v 1.644541 -1.644537 -31.406022
v 2.187991 -1.589665 -31.085538
v 2.042712 -2.042709 -30.625296
v 2.409544 -1.227723 -31.085538
v 2.072239 -1.055858 -31.406022
v 2.572133 -0.835737 -31.085538
v 2.573966 -1.311500 -30.625296
v 2.670999 -0.423045 -31.085538
v 2.297094 -0.363824 -31.406022
v 2.853260 -0.451912 -30.625296
v 1.469853 0.748928 -31.636059
v 1.370477 0.445295 -31.751444
v 1.165796 0.847001 -31.751444
v 1.166481 1.166483 -31.636059
v 0.847001 1.165797 -31.751444
v 0.748928 1.469853 -31.636059
v 0.445295 1.370477 -31.751444
v 0.258063 1.629345 -31.636059
v 0.000000 1.441005 -31.751444
v -0.258062 1.629345 -31.636059
v -0.445294 1.370477 -31.751444
v -0.748925 1.469853 -31.636059
v -0.846998 1.165797 -31.751444
v -1.166478 1.166481 -31.636063
v -1.165794 0.847000 -31.751444
v -1.469851 0.748926 -31.636059
v -1.370475 0.445293 -31.751444
v -1.629345 0.258062 -31.636059
v -1.441004 -0.000000 -31.751444
v -1.629345 -0.258063 -31.636059
v -1.370477 -0.445295 -31.751444
v -1.469854 -0.748927 -31.636059
v -1.165799 -0.847000 -31.751444
v -1.166484 -1.166481 -31.636059
v -0.847002 -1.165796 -31.751444
v -0.748928 -1.469852 -31.636059
v -0.445294 -1.370475 -31.751444
v -0.258062 -1.629343 -31.636059
v 0.000000 -1.441003 -31.751444
v 0.258062 -1.629343 -31.636059
v 0.445294 -1.370475 -31.751444
v 0.748927 -1.469852 -31.636059
v 0.847001 -1.165796 -31.751444
v 1.166483 -1.166481 -31.636059
v 1.165799 -0.847000 -31.751444
v 1.469854 -0.748927 -31.636059
v 1.370476 -0.445295 -31.751444
v 1.629344 -0.258063 -31.636059
v 1.441003 0.000000 -31.751444
v 1.629345 0.258063 -31.636059
v 2.657699 1.354166 -29.791510
v 2.837034 0.921809 -29.791510
v 2.413325 1.753385 -29.791510
v 2.109162 2.109163 -29.791510
v 1.753385 2.413328 -29.791510
v 1.354167 2.657700 -29.791510
v 0.921810 2.837036 -29.791510
v 0.466614 2.946084 -29.791510
v 0.000000 2.983036 -29.791510
v -0.466614 2.946084 -29.791510
v -0.921808 2.837036 -29.791510
v -1.354164 2.657700 -29.791514
v -1.753383 2.413328 -29.791514
v -2.109160 2.109162 -29.791514
v -2.413324 1.753383 -29.791514
v -2.657698 1.354165 -29.791514
v -2.837034 0.921808 -29.791510
v -2.946082 0.466613 -29.791510
v -2.983036 -0.000000 -29.791510
v -2.946083 -0.466614 -29.791510
v -2.837035 -0.921808 -29.791510
v -2.657702 -1.354166 -29.791510
v -2.413328 -1.753383 -29.791510
v -2.109164 -2.109162 -29.791510
v -1.753385 -2.413325 -29.791510
v -1.354165 -2.657699 -29.791510
v -0.921806 -2.837034 -29.791510
v -0.466612 -2.946082 -29.791510
v -0.000000 -2.983034 -29.791510
v 0.466612 -2.946082 -29.791510
v 0.921806 -2.837034 -29.791510
v 1.354164 -2.657699 -29.791510
v 1.753384 -2.413325 -29.791510
v 2.109164 -2.109162 -29.791510
v 2.413328 -1.753383 -29.791510
v 2.657700 -1.354166 -29.791510
v 2.837034 -0.921808 -29.791510
v 2.946082 -0.466614 -29.791510
v 2.983034 0.000000 -29.791510
v 2.946082 0.466614 -29.791510
vt 0.157548 0.663980
vt 0.140715 0.658158
vt 0.145751 0.645539
vt 0.162610 0.650791
vt 0.167285 0.637321
vt 0.150403 0.632803
vt 0.154332 0.619740
vt 0.171332 0.623562
vt 0.174780 0.609540
vt 0.157756 0.606533
vt 0.160265 0.593065
vt 0.177413 0.595283
vt 0.179312 0.580850
vt 0.162180 0.579493
vt 0.163062 0.565787
vt 0.180285 0.566294
vt 0.180456 0.551688
vt 0.163306 0.552052
vt 0.162481 0.538340
vt 0.179666 0.537103
vt 0.178077 0.522602
vt 0.161018 0.524684
vt 0.158529 0.511205
vt 0.175568 0.508262
vt 0.172333 0.494129
vt 0.155452 0.497855
vt 0.151472 0.484805
vt 0.168294 0.480266
vt 0.163667 0.466690
vt 0.146992 0.471920
vt 0.141804 0.459393
vt 0.158426 0.453430
vt 0.152810 0.440468
vt 0.136239 0.446999
vt 0.130223 0.434922
vt 0.146867 0.427759
vt 0.130205 0.286854
vt 0.123893 0.422793
vt 0.120978 0.266457
vt 0.137053 0.274819
vt 0.143910 0.262579
vt 0.127861 0.254853
vt 0.134319 0.242900
vt 0.150460 0.250062
vt 0.156657 0.237221
vt 0.140409 0.230786
vt 0.145820 0.218263
vt 0.162264 0.224021
vt 0.167308 0.210490
vt 0.150744 0.205539
vt 0.154790 0.192450
vt 0.171568 0.196632
vt 0.175120 0.182514
vt 0.158258 0.179190
vt 0.160716 0.165677
vt 0.177765 0.168169
vt 0.179620 0.153680
vt 0.162543 0.152062
vt 0.163305 0.138346
vt 0.180518 0.139100
vt 0.180614 0.124513
vt 0.163428 0.124613
vt 0.162511 0.110937
vt 0.179776 0.109980
vt 0.178193 0.095568
vt 0.160995 0.097322
vt 0.158546 0.083899
vt 0.175780 0.081331
vt 0.172750 0.067312
vt 0.155584 0.070583
vt 0.151876 0.057541
vt 0.169074 0.053536
vt 0.164991 0.040013
vt 0.147777 0.044588
vt 0.143195 0.031897
vt 0.160554 0.026702
vt 0.146736 0.689674
vt 0.138307 0.019119
vt 0.135217 0.670479
vt 0.152149 0.676930
vt 0.961659 0.358627
vt 0.185095 0.657754
vt 0.961644 0.387748
vt 0.911972 0.387605
vt 0.911984 0.358453
vt 0.194175 0.628751
vt 0.961662 0.416882
vt 0.911995 0.416771
vt 0.200575 0.598335
vt 0.961709 0.446035
vt 0.912049 0.445954
vt 0.203607 0.567004
vt 0.961782 0.475217
vt 0.912128 0.475163
vt 0.202937 0.535405
vt 0.961871 0.504432
vt 0.912226 0.504402
vt 0.198580 0.504231
vt 0.961970 0.533686
vt 0.912334 0.533676
vt 0.190896 0.474113
vt 0.962069 0.562983
vt 0.912442 0.562988
vt 0.180595 0.445522
vt 0.962156 0.592327
vt 0.912540 0.592341
vt 0.168815 0.418663
vt 0.962223 0.621721
vt 0.914176 0.036857
vt 0.158277 0.285496
vt 0.963544 0.066641
vt 0.913896 0.066253
vt 0.171991 0.259572
vt 0.963269 0.095988
vt 0.913616 0.095607
vt 0.184356 0.231811
vt 0.962999 0.125291
vt 0.913341 0.124920
vt 0.194224 0.202336
vt 0.962739 0.154553
vt 0.913077 0.154195
vt 0.200849 0.171564
vt 0.962497 0.183776
vt 0.912830 0.183437
vt 0.203830 0.140099
vt 0.962278 0.212968
vt 0.912606 0.212649
vt 0.203099 0.108631
vt 0.962086 0.242130
vt 0.912411 0.241837
vt 0.198941 0.077827
vt 0.961925 0.271272
vt 0.912249 0.271005
vt 0.192008 0.048238
vt 0.961800 0.300396
vt 0.912123 0.300159
vt 0.183405 0.020200
vt 0.961711 0.329513
vt 0.912034 0.329306
vt 0.174463 0.685087
vt 0.862278 0.387467
vt 0.862281 0.358298
vt 0.862314 0.416647
vt 0.862384 0.445845
vt 0.862483 0.475067
vt 0.862603 0.504317
vt 0.862736 0.533599
vt 0.862869 0.562918
vt 0.862995 0.592275
vt 0.864557 0.036579
vt 0.864267 0.065976
vt 0.863973 0.095334
vt 0.863684 0.124654
vt 0.863406 0.153938
vt 0.863146 0.183191
vt 0.862912 0.212416
vt 0.862708 0.241617
vt 0.862540 0.270800
vt 0.862412 0.299971
vt 0.862325 0.329134
vt 0.812553 0.387335
vt 0.812542 0.358161
vt 0.812610 0.416519
vt 0.812708 0.445721
vt 0.812839 0.474945
vt 0.812996 0.504197
vt 0.813170 0.533480
vt 0.813348 0.562799
vt 0.813518 0.592156
vt 0.814979 0.036392
vt 0.814667 0.065790
vt 0.814349 0.095150
vt 0.814034 0.124473
vt 0.813732 0.153762
vt 0.813449 0.183019
vt 0.813195 0.212250
vt 0.812975 0.241457
vt 0.812797 0.270646
vt 0.812664 0.299823
vt 0.812578 0.328993
vt 0.762792 0.387219
vt 0.762762 0.358048
vt 0.762878 0.416401
vt 0.763013 0.445598
vt 0.763191 0.474818
vt 0.763402 0.504065
vt 0.763634 0.533343
vt 0.763874 0.562658
vt 0.764108 0.592012
vt 0.765453 0.036274
vt 0.765107 0.065672
vt 0.764753 0.095033
vt 0.764399 0.124357
vt 0.764059 0.153648
vt 0.763741 0.182907
vt 0.763456 0.212138
vt 0.763212 0.241346
vt 0.763016 0.270536
vt 0.762874 0.299712
vt 0.762788 0.328881
vt 0.712988 0.387129
vt 0.712934 0.357963
vt 0.713111 0.416304
vt 0.713296 0.445494
vt 0.713535 0.474706
vt 0.713816 0.503944
vt 0.714127 0.533215
vt 0.714452 0.562523
vt 0.714773 0.591872
vt 0.715998 0.036202
vt 0.715604 0.065600
vt 0.715196 0.094961
vt 0.714787 0.124286
vt 0.714392 0.153576
vt 0.714024 0.182835
vt 0.713695 0.212066
vt 0.713415 0.241273
vt 0.713194 0.270461
vt 0.713037 0.299635
vt 0.712950 0.328801
vt 0.663133 0.387078
vt 0.663050 0.357915
vt 0.663300 0.416249
vt 0.663547 0.445432
vt 0.663862 0.474636
vt 0.664235 0.503865
vt 0.664648 0.533126
vt 0.665084 0.562426
vt 0.665520 0.591768
vt 0.666636 0.036146
vt 0.666173 0.065545
vt 0.665690 0.094906
vt 0.665205 0.124232
vt 0.664736 0.153523
vt 0.664299 0.182783
vt 0.663910 0.212015
vt 0.663581 0.241224
vt 0.663324 0.270413
vt 0.663147 0.299588
vt 0.663054 0.328753
vt 0.613215 0.387081
vt 0.613100 0.357911
vt 0.613436 0.416256
vt 0.613758 0.445440
vt 0.614169 0.474641
vt 0.614655 0.503864
vt 0.615198 0.533118
vt 0.615776 0.562409
vt 0.616361 0.591744
vt 0.617392 0.036069
vt 0.616835 0.065468
vt 0.616251 0.094831
vt 0.615663 0.124160
vt 0.615094 0.153456
vt 0.614566 0.182722
vt 0.614098 0.211962
vt 0.613705 0.241179
vt 0.613401 0.270379
vt 0.613195 0.299565
vt 0.613093 0.328741
vt 0.563228 0.387160
vt 0.563077 0.357963
vt 0.563511 0.416357
vt 0.563920 0.445557
vt 0.564444 0.474768
vt 0.565070 0.503994
vt 0.565775 0.533245
vt 0.566534 0.562530
vt 0.567312 0.591857
vt 0.568299 0.035917
vt 0.567615 0.065316
vt 0.566893 0.094683
vt 0.566169 0.124019
vt 0.565470 0.153327
vt 0.564825 0.182609
vt 0.564256 0.211869
vt 0.563782 0.241111
vt 0.563418 0.270339
vt 0.563175 0.299555
vt 0.563060 0.328762
vt 0.513165 0.387339
vt 0.512976 0.358081
vt 0.513516 0.416590
vt 0.514024 0.445836
vt 0.514681 0.475079
vt 0.515472 0.504326
vt 0.516376 0.533587
vt 0.517361 0.562870
vt 0.518387 0.592190
vt 0.519397 0.035613
vt 0.518537 0.065012
vt 0.517633 0.094387
vt 0.516728 0.123737
vt 0.515863 0.153067
vt 0.515071 0.182381
vt 0.514379 0.211683
vt 0.513808 0.240976
vt 0.513372 0.270262
vt 0.513083 0.299542
vt 0.512950 0.328815
vt 0.463027 0.387650
vt 0.462801 0.358276
vt 0.463448 0.417007
vt 0.464063 0.446345
vt 0.464868 0.475662
vt 0.465851 0.504962
vt 0.466992 0.534253
vt 0.468259 0.563547
vt 0.469603 0.592861
vt 0.470730 0.035047
vt 0.469629 0.064446
vt 0.468478 0.093833
vt 0.467340 0.123207
vt 0.466267 0.152578
vt 0.465298 0.181949
vt 0.464462 0.211327
vt 0.463779 0.240712
vt 0.463263 0.270103
vt 0.462924 0.299497
vt 0.462768 0.328890
vt 0.412831 0.388126
vt 0.412571 0.358557
vt 0.413318 0.417668
vt 0.414039 0.447172
vt 0.414997 0.476631
vt 0.416190 0.506041
vt 0.417607 0.535404
vt 0.419218 0.564732
vt 0.420970 0.594045
vt 0.422352 0.034054
vt 0.420913 0.063453
vt 0.419429 0.092856
vt 0.417992 0.122272
vt 0.416667 0.151713
vt 0.415495 0.181186
vt 0.414503 0.210693
vt 0.413703 0.240233
vt 0.413105 0.269799
vt 0.412714 0.299382
vt 0.412534 0.328971
vt 0.362610 0.388795
vt 0.362325 0.358922
vt 0.363152 0.418632
vt 0.363967 0.448416
vt 0.365070 0.478127
vt 0.366475 0.507749
vt 0.368192 0.537269
vt 0.370211 0.566687
vt 0.372488 0.596018
vt 0.374325 0.032384
vt 0.372392 0.061779
vt 0.370456 0.091210
vt 0.368648 0.120701
vt 0.367038 0.150271
vt 0.365655 0.179921
vt 0.364510 0.209647
vt 0.363601 0.239436
vt 0.362929 0.269273
vt 0.362491 0.299145
vt 0.362288 0.329033
vt 0.312427 0.389654
vt 0.312128 0.359349
vt 0.313007 0.419927
vt 0.313890 0.450145
vt 0.315107 0.480280
vt 0.316699 0.510295
vt 0.318709 0.540153
vt 0.321180 0.569813
vt 0.324123 0.599247
vt 0.326733 0.029613
vt 0.324025 0.059001
vt 0.321479 0.088498
vt 0.319250 0.118164
vt 0.317358 0.147995
vt 0.315788 0.177965
vt 0.314515 0.208047
vt 0.313521 0.238216
vt 0.312791 0.268449
vt 0.312316 0.298729
vt 0.312094 0.329035
vt 0.262367 0.390633
vt 0.262062 0.359770
vt 0.262965 0.421489
vt 0.263888 0.452323
vt 0.265178 0.483106
vt 0.266899 0.513803
vt 0.269142 0.544356
vt 0.272036 0.574674
vt 0.275763 0.604610
vt 0.279685 0.024877
vt 0.275603 0.054226
vt 0.272375 0.084089
vt 0.269772 0.114269
vt 0.267660 0.144655
vt 0.265952 0.175183
vt 0.264592 0.205811
vt 0.263540 0.236515
vt 0.262771 0.267275
vt 0.262271 0.298079
vt 0.262034 0.328914
vt 0.510999 0.794275
vt 0.546902 0.793061
vt 0.475104 0.796133
vt 0.439234 0.798607
vt 0.403416 0.801659
vt 0.367709 0.805250
vt 0.332251 0.809379
vt 0.297344 0.814182
vt 0.263645 0.820188
vt 0.925789 0.831183
vt 0.896543 0.820502
vt 0.864498 0.813252
vt 0.830870 0.807802
vt 0.796333 0.803446
vt 0.761257 0.799901
vt 0.725850 0.797066
vt 0.690237 0.794912
vt 0.654494 0.793433
vt 0.618670 0.792633
vt 0.582798 0.792510
vt 0.510316 0.779106
vt 0.546523 0.777878
vt 0.474113 0.780987
vt 0.437925 0.783493
vt 0.401767 0.786588
vt 0.365674 0.790236
vt 0.329730 0.794438
vt 0.294133 0.799333
vt 0.259304 0.805470
vt 0.932948 0.817370
vt 0.901639 0.806125
vt 0.868179 0.798550
vt 0.833624 0.792913
vt 0.798444 0.788443
vt 0.762882 0.784825
vt 0.727077 0.781941
vt 0.691112 0.779755
vt 0.655041 0.778258
vt 0.618903 0.777447
vt 0.582724 0.777322
vt 0.508434 0.733515
vt 0.545536 0.732230
vt 0.471339 0.735495
vt 0.434246 0.738148
vt 0.397135 0.741443
vt 0.359964 0.745333
vt 0.322654 0.749767
vt 0.285074 0.754727
vt 0.247037 0.760379
vt 0.953625 0.773022
vt 0.916302 0.762363
vt 0.879091 0.754597
vt 0.841989 0.748544
vt 0.804963 0.743662
vt 0.767961 0.739716
vt 0.730946 0.736597
vt 0.693905 0.734253
vt 0.656836 0.732655
vt 0.619745 0.731791
vt 0.582642 0.731652
vt 0.506644 0.692942
vt 0.544505 0.691602
vt 0.468818 0.695016
vt 0.431031 0.697810
vt 0.393277 0.701296
vt 0.355517 0.705420
vt 0.317664 0.710063
vt 0.279541 0.714972
vt 0.240897 0.719613
vt 0.963935 0.729115
vt 0.925017 0.721916
vt 0.886309 0.715094
vt 0.848008 0.708999
vt 0.809932 0.703832
vt 0.771962 0.699603
vt 0.734034 0.696265
vt 0.696120 0.693767
vt 0.658208 0.692073
vt 0.620297 0.691157
vt 0.582393 0.691004
vt 0.504855 0.652371
vt 0.543455 0.650987
vt 0.466333 0.654518
vt 0.427922 0.657416
vt 0.389664 0.661040
vt 0.351606 0.665326
vt 0.313784 0.670108
vt 0.276192 0.674957
vt 0.238656 0.678733
vt 0.969156 0.685052
vt 0.929576 0.681250
vt 0.891092 0.675125
vt 0.852654 0.669081
vt 0.814123 0.663771
vt 0.775516 0.659366
vt 0.736862 0.655875
vt 0.698179 0.653264
vt 0.659484 0.651495
vt 0.620789 0.650539
vt 0.582107 0.650374
vt 0.091532 0.917547
vt 0.078416 0.892275
vt 0.186369 0.851936
vt 0.071917 0.864561
vt 0.072434 0.836109
vt 0.079929 0.808665
vt 0.093930 0.783895
vt 0.113572 0.763262
vt 0.137671 0.747890
vt 0.164875 0.738435
vt 0.302272 0.829738
vt 0.301921 0.859093
vt 0.295800 0.887187
vt 0.283661 0.912935
vt 0.265840 0.934984
vt 0.243219 0.952033
vt 0.217094 0.963024
vt 0.189035 0.967259
vt 0.160762 0.964459
vt 0.134018 0.954783
vt 0.110456 0.938819
vt 0.051964 0.902497
vt 0.068405 0.933960
vt 0.043765 0.867971
vt 0.044303 0.832516
vt 0.053517 0.798327
vt 0.070768 0.767507
vt 0.094847 0.741908
vt 0.123985 0.722910
vt 0.155888 0.711050
vt 0.331746 0.832549
vt 0.329677 0.864172
vt 0.322296 0.896911
vt 0.307582 0.928073
vt 0.285661 0.955250
vt 0.257626 0.976461
vt 0.225132 0.990225
vt 0.190169 0.995600
vt 0.154902 0.992210
vt 0.121516 0.980241
vt 0.092076 0.960418
vt 0.144320 0.631110
vt 0.139682 0.643603
vt 0.151622 0.605418
vt 0.148238 0.618355
vt 0.156008 0.578991
vt 0.154136 0.592268
vt 0.157129 0.552183
vt 0.156917 0.565605
vt 0.154872 0.525446
vt 0.156348 0.538782
vt 0.149370 0.499229
vt 0.152440 0.512261
vt 0.140987 0.473870
vt 0.145441 0.486447
vt 0.130284 0.449497
vt 0.135823 0.461584
vt 0.108011 0.274435
vt 0.124234 0.437671
vt 0.122105 0.251926
vt 0.115206 0.263278
vt 0.134563 0.228402
vt 0.128514 0.240276
vt 0.144780 0.203723
vt 0.139926 0.216184
vt 0.152185 0.177979
vt 0.148794 0.190952
vt 0.156392 0.151480
vt 0.154633 0.164788
vt 0.157236 0.124661
vt 0.157163 0.138078
vt 0.154795 0.097985
vt 0.156340 0.111283
vt 0.149393 0.071827
vt 0.152367 0.084834
vt 0.141574 0.046382
vt 0.145681 0.059028
vt 0.123257 0.679899
vt 0.136929 0.033937
vt 0.134660 0.655914
vt 0.129117 0.667986
vt 0.124690 0.625400
vt 0.138859 0.629589
vt 0.134272 0.641805
vt 0.120180 0.636994
vt 0.131890 0.601710
vt 0.146134 0.604424
vt 0.142799 0.617079
vt 0.128688 0.613710
vt 0.136199 0.577332
vt 0.150498 0.578546
vt 0.148662 0.591537
vt 0.134507 0.589622
vt 0.137319 0.552603
vt 0.151619 0.552300
vt 0.151427 0.565437
vt 0.137255 0.564996
vt 0.135152 0.527944
vt 0.149387 0.526124
vt 0.150870 0.539183
vt 0.136730 0.540224
vt 0.129813 0.503770
vt 0.143929 0.500455
vt 0.147001 0.513223
vt 0.132940 0.515737
vt 0.121616 0.480406
vt 0.135595 0.475620
vt 0.140061 0.487952
vt 0.126105 0.491916
vt 0.110998 0.458019
vt 0.124911 0.451761
vt 0.130494 0.463611
vt 0.116618 0.469014
vt 0.089364 0.262465
vt 0.102879 0.271085
vt 0.118896 0.440257
vt 0.104910 0.447106
vt 0.103494 0.242016
vt 0.116912 0.249274
vt 0.110072 0.260308
vt 0.096625 0.252453
vt 0.115722 0.220465
vt 0.129314 0.226261
vt 0.123348 0.237866
vt 0.109904 0.231461
vt 0.125607 0.197764
vt 0.139443 0.202103
vt 0.134670 0.214289
vt 0.121042 0.209315
vt 0.132700 0.174046
vt 0.146764 0.176902
vt 0.143441 0.189594
vt 0.129601 0.186058
vt 0.136666 0.149611
vt 0.150905 0.150960
vt 0.149199 0.163987
vt 0.135172 0.161914
vt 0.137358 0.124867
vt 0.151708 0.124702
vt 0.151675 0.137844
vt 0.137509 0.137247
vt 0.134845 0.100238
vt 0.149249 0.098574
vt 0.150827 0.111611
vt 0.136570 0.112486
vt 0.129398 0.076085
vt 0.143836 0.072944
vt 0.146849 0.085708
vt 0.132529 0.088036
vt 0.121433 0.052622
vt 0.135975 0.048011
vt 0.140155 0.060426
vt 0.125748 0.064192
vt 0.103354 0.670161
vt 0.117773 0.677164
vt 0.131328 0.035890
vt 0.116646 0.041080
vt 0.115030 0.648217
vt 0.129196 0.653880
vt 0.123674 0.665629
vt 0.109411 0.659378
vt 0.103515 0.618589
vt 0.110508 0.620959
vt 0.105980 0.631618
vt 0.098894 0.628819
vt 0.110660 0.597349
vt 0.117676 0.598865
vt 0.114423 0.609986
vt 0.107326 0.608066
vt 0.114930 0.575378
vt 0.121963 0.576061
vt 0.120184 0.587511
vt 0.113079 0.586425
vt 0.116066 0.553054
vt 0.123094 0.552904
vt 0.122910 0.564494
vt 0.115804 0.564233
vt 0.113985 0.530797
vt 0.120982 0.529817
vt 0.122419 0.541333
vt 0.115331 0.541895
vt 0.108788 0.509027
vt 0.115732 0.507215
vt 0.118720 0.518453
vt 0.111667 0.519838
vt 0.100748 0.488109
vt 0.107634 0.485444
vt 0.112011 0.496241
vt 0.105002 0.498461
vt 0.090301 0.468312
vt 0.097107 0.464715
vt 0.102659 0.474987
vt 0.095698 0.478083
vt 0.069721 0.247633
vt 0.075895 0.253067
vt 0.091050 0.454801
vt 0.084236 0.458923
vt 0.083606 0.230236
vt 0.090131 0.234322
vt 0.083365 0.243765
vt 0.076870 0.239156
vt 0.095474 0.211256
vt 0.102147 0.214418
vt 0.096420 0.224482
vt 0.089704 0.220885
vt 0.105023 0.190982
vt 0.111816 0.193298
vt 0.107302 0.203970
vt 0.100474 0.201243
vt 0.111799 0.169651
vt 0.118706 0.171140
vt 0.115618 0.182309
vt 0.108686 0.180411
vt 0.115503 0.147607
vt 0.122501 0.148269
vt 0.120981 0.159760
vt 0.113953 0.158681
vt 0.116004 0.125259
vt 0.123067 0.125093
vt 0.123166 0.136698
vt 0.116060 0.136438
vt 0.113353 0.103035
vt 0.120460 0.102035
vt 0.122131 0.113543
vt 0.114966 0.114106
vt 0.107781 0.081329
vt 0.114928 0.079476
vt 0.118030 0.090706
vt 0.110812 0.092102
vt 0.099687 0.060458
vt 0.106863 0.057670
vt 0.111193 0.068515
vt 0.103921 0.070787
vt 0.082131 0.657694
vt 0.088891 0.662379
vt 0.101990 0.047124
vt 0.094746 0.050432
vt 0.093915 0.638811
vt 0.100869 0.642116
vt 0.095237 0.652278
vt 0.088254 0.648449
vt 0.032973 0.609904
vt 0.037534 0.604022
vt 0.046722 0.612099
vt 0.040908 0.618229
vt 0.060776 0.611091
vt 0.055546 0.618508
vt 0.051865 0.605676
vt 0.069208 0.595678
vt 0.065395 0.603625
vt 0.056254 0.598899
vt 0.060012 0.591880
vt 0.074792 0.579331
vt 0.072453 0.587674
vt 0.063004 0.584590
vt 0.065366 0.577133
vt 0.077427 0.562412
vt 0.076589 0.570954
vt 0.066946 0.569513
vt 0.067891 0.561815
vt 0.077065 0.545341
vt 0.077734 0.553866
vt 0.068045 0.554072
vt 0.067563 0.546342
vt 0.073715 0.528549
vt 0.075866 0.536842
vt 0.066292 0.538690
vt 0.064391 0.531145
vt 0.067443 0.512453
vt 0.071024 0.520313
vt 0.061715 0.523795
vt 0.058417 0.516638
vt 0.058366 0.497412
vt 0.063297 0.504675
vt 0.054365 0.509785
vt 0.049692 0.503199
vt 0.046703 0.483567
vt 0.052826 0.490223
vt 0.044282 0.497000
vt 0.038213 0.491122
vt 0.041241 0.211832
vt 0.034035 0.218079
vt 0.026126 0.208605
vt 0.033327 0.203675
vt 0.053886 0.198877
vt 0.047835 0.205641
vt 0.039810 0.198258
vt 0.045659 0.192470
vt 0.064040 0.184540
vt 0.059336 0.191994
vt 0.050801 0.186245
vt 0.055343 0.179706
vt 0.071473 0.168947
vt 0.068186 0.176964
vt 0.059157 0.172810
vt 0.062363 0.165676
vt 0.076042 0.152445
vt 0.074225 0.160833
vt 0.064812 0.158289
vt 0.066639 0.150751
vt 0.077653 0.135446
vt 0.077333 0.143991
vt 0.067685 0.143077
vt 0.068098 0.135344
vt 0.076262 0.118379
vt 0.077442 0.126866
vt 0.067719 0.127597
vt 0.066701 0.119882
vt 0.071889 0.101668
vt 0.074540 0.109887
vt 0.064891 0.112272
vt 0.062440 0.104783
vt 0.064608 0.085679
vt 0.068669 0.093463
vt 0.059206 0.097508
vt 0.055324 0.090427
vt 0.054620 0.070581
vt 0.059934 0.077899
vt 0.050666 0.083645
vt 0.045315 0.077106
vt 0.029684 0.580907
vt 0.046350 0.593043
vt 0.043248 0.599525
vt 0.030419 0.588005
vt 0.034424 0.572899
vt 0.052574 0.580791
vt 0.050854 0.587599
vt 0.036586 0.579571
vt 0.037222 0.564006
vt 0.056209 0.567733
vt 0.055843 0.574656
vt 0.040673 0.570002
vt 0.038027 0.554708
vt 0.057233 0.554301
vt 0.058200 0.561127
vt 0.042619 0.559801
vt 0.036829 0.545453
vt 0.055641 0.540924
vt 0.057910 0.547439
vt 0.042399 0.549425
vt 0.033656 0.536686
vt 0.051456 0.528032
vt 0.054982 0.534023
vt 0.040022 0.539316
vt 0.028581 0.528886
vt 0.044717 0.516055
vt 0.049449 0.521303
vt 0.035533 0.529929
vt 0.021726 0.522607
vt 0.035445 0.505460
vt 0.041344 0.509710
vt 0.029014 0.521763
vt 0.010479 0.174523
vt 0.023527 0.497039
vt 0.030638 0.499776
vt 0.020580 0.515434
vt 0.019188 0.171069
vt 0.031615 0.189174
vt 0.026405 0.194490
vt 0.017520 0.178139
vt 0.026484 0.165308
vt 0.041638 0.179285
vt 0.037810 0.185366
vt 0.026395 0.172443
vt 0.032117 0.157900
vt 0.049235 0.167833
vt 0.046741 0.174398
vt 0.033494 0.164777
vt 0.035922 0.149389
vt 0.054352 0.155282
vt 0.053190 0.162117
vt 0.038658 0.155743
vt 0.037795 0.140246
vt 0.056919 0.142058
vt 0.057092 0.148950
vt 0.041768 0.145835
vt 0.037672 0.130915
vt 0.056881 0.128586
vt 0.058383 0.135320
vt 0.042747 0.135503
vt 0.035532 0.121840
vt 0.054211 0.115298
vt 0.057022 0.121655
vt 0.041552 0.125187
vt 0.031390 0.113506
vt 0.048899 0.102623
vt 0.052994 0.108382
vt 0.038176 0.115345
vt 0.025305 0.106478
vt 0.040911 0.091029
vt 0.046281 0.095931
vt 0.032643 0.106481
vt 0.014849 0.591908
vt 0.030045 0.081290
vt 0.036792 0.084829
vt 0.024995 0.099221
vt 0.023101 0.587472
vt 0.022261 0.594687
vt 0.081197 0.610399
vt 0.096313 0.616116
vt 0.091777 0.625839
vt 0.076688 0.619267
vt 0.088360 0.592088
vt 0.103473 0.595773
vt 0.100211 0.606018
vt 0.085234 0.601460
vt 0.092608 0.572992
vt 0.107746 0.574670
vt 0.105955 0.585265
vt 0.090996 0.582671
vt 0.093765 0.553526
vt 0.108892 0.553206
vt 0.108676 0.563948
vt 0.093724 0.563296
vt 0.091784 0.534127
vt 0.106837 0.531809
vt 0.108221 0.542482
vt 0.093310 0.543767
vt 0.086731 0.515229
vt 0.101673 0.510906
vt 0.104598 0.521300
vt 0.089763 0.524525
vt 0.078797 0.497237
vt 0.093657 0.490884
vt 0.097980 0.500809
vt 0.083210 0.505998
vt 0.068353 0.480479
vt 0.083239 0.472082
vt 0.088713 0.481363
vt 0.073917 0.488569
vt 0.049329 0.231090
vt 0.071071 0.454993
vt 0.077343 0.463305
vt 0.062396 0.472494
vt 0.062607 0.216495
vt 0.076839 0.225959
vt 0.070316 0.234281
vt 0.056082 0.224023
vt 0.074250 0.200547
vt 0.088605 0.207969
vt 0.082978 0.217103
vt 0.068748 0.208834
vt 0.083479 0.183184
vt 0.098065 0.188588
vt 0.093643 0.198388
vt 0.079292 0.192132
vt 0.089901 0.164706
vt 0.104745 0.168119
vt 0.101743 0.178436
vt 0.087183 0.174134
vt 0.093296 0.145503
vt 0.108359 0.146930
vt 0.106906 0.157575
vt 0.092128 0.155203
vt 0.093567 0.126005
vt 0.108787 0.125439
vt 0.108930 0.136201
vt 0.093970 0.135756
vt 0.090728 0.106650
vt 0.106069 0.104080
vt 0.107776 0.114742
vt 0.092667 0.116234
vt 0.084923 0.087863
vt 0.100417 0.083267
vt 0.103566 0.093624
vt 0.088296 0.097074
vt 0.076482 0.070012
vt 0.092237 0.063388
vt 0.096605 0.073239
vt 0.081075 0.078690
vt 0.059967 0.643614
vt 0.082122 0.045009
vt 0.087393 0.053990
vt 0.071486 0.061393
vt 0.071471 0.627585
vt 0.086700 0.635344
vt 0.081182 0.644363
vt 0.065859 0.635815
vt 0.049710 0.625418
vt 0.043273 0.632455
vt 0.039168 0.070912
vt 0.004523 0.555418
vt 0.205317 0.328467
vt 0.205337 0.360020
vt 0.205569 0.296947
vt 0.206092 0.265456
vt 0.206895 0.233986
vt 0.207997 0.202531
vt 0.209431 0.171078
vt 0.211256 0.139610
vt 0.213572 0.108099
vt 0.216550 0.076498
vt 0.220514 0.044736
vt 0.226090 0.012736
vt 0.220251 0.614711
vt 0.215891 0.582505
vt 0.212706 0.550451
vt 0.210319 0.518521
vt 0.208522 0.486690
vt 0.207191 0.454937
vt 0.206248 0.423247
vt 0.205641 0.391611
vt 0.961678 0.344069
vt 0.179862 0.671602
vt 0.961749 0.314955
vt 0.169170 0.698150
vt 0.961856 0.285835
vt 0.187803 0.034044
vt 0.962000 0.256703
vt 0.195693 0.062882
vt 0.962177 0.227552
vt 0.201314 0.093127
vt 0.962383 0.198376
vt 0.203799 0.124327
vt 0.962615 0.169169
vt 0.202684 0.155864
vt 0.962866 0.139926
vt 0.197858 0.187050
vt 0.963132 0.110644
vt 0.189560 0.217229
vt 0.963406 0.081320
vt 0.178360 0.245881
vt 0.963682 0.051950
vt 0.165195 0.272724
vt 0.962193 0.607018
vt 0.151512 0.297861
vt 0.962114 0.577649
vt 0.174780 0.431908
vt 0.962019 0.548328
vt 0.185946 0.459642
vt 0.961918 0.519053
vt 0.195019 0.489037
vt 0.961823 0.489819
vt 0.201087 0.519742
vt 0.961741 0.460622
vt 0.203617 0.551197
vt 0.961680 0.431455
vt 0.202422 0.582732
vt 0.961647 0.402312
vt 0.197661 0.613666
vt 0.961645 0.373186
vt 0.189842 0.643419
vt 0.280552 0.633932
vt 0.226525 0.647050
vt 0.327450 0.628473
vt 0.374917 0.625307
vt 0.422778 0.623374
vt 0.470958 0.622213
vt 0.519403 0.621557
vt 0.568071 0.621234
vt 0.616924 0.621128
vt 0.665933 0.621157
vt 0.715072 0.621264
vt 0.764321 0.621407
vt 0.813667 0.621552
vt 0.863100 0.621672
vt 0.912617 0.621736
vt 0.963819 0.037248
vt 0.056179 0.464952
vt 0.063453 0.242112
vt 0.013293 0.518524
vt 0.019113 0.196699
vt 0.031392 0.485679
vt 0.039973 0.476808
vt 0.077726 0.449945
vt 0.098402 0.436590
vt 0.084281 0.444978
vt 0.117875 0.426017
vt 0.112511 0.428982
vt 0.140918 0.415255
vt 0.162973 0.405837
vt 0.113777 0.278090
vt 0.582234 0.632485
vt 0.543246 0.633099
vt 0.621256 0.632657
vt 0.660289 0.633630
vt 0.699316 0.635424
vt 0.738316 0.638069
vt 0.777257 0.641600
vt 0.816089 0.646043
vt 0.854717 0.651367
vt 0.892966 0.657342
vt 0.930491 0.663134
vt 0.966405 0.665809
vt 0.239102 0.660854
vt 0.275275 0.657133
vt 0.312384 0.652320
vt 0.350127 0.647534
vt 0.388307 0.643226
vt 0.426791 0.639575
vt 0.465484 0.636655
vt 0.504318 0.634492
vt 0.193913 0.734965
vt 0.204742 0.660257
vt 0.187838 0.705114
vt 0.200529 0.678612
vt 0.201631 0.722968
vt 0.208361 0.767522
vt 0.226086 0.814512
vt 0.232559 0.828942
vt 0.066181 0.053184
vt 0.075267 0.652933
vt 0.017400 0.101450
vt 0.025984 0.612940
vt 0.034324 0.623957
vt 0.089315 0.040764
vt 0.111394 0.029883
vt 0.096400 0.036586
vt 0.131957 0.021627
vt 0.126286 0.023954
vt 0.156088 0.013596
vt 0.179082 0.006785
vt 0.048715 0.063091
vt 0.004432 0.137086
vt 0.129407 0.682865
vn 0.950486 0.308823 -0.034700
vn 0.927954 0.301495 -0.219094
vn 0.869368 0.442955 -0.219066
vn 0.890485 0.453696 -0.034578
vn 0.808534 0.587425 -0.034700
vn 0.789364 0.573497 -0.219102
vn 0.689930 0.689930 -0.219071
vn 0.706684 0.706684 -0.034579
vn 0.587425 0.808534 -0.034700
vn 0.573497 0.789364 -0.219102
vn 0.442955 0.869368 -0.219066
vn 0.453696 0.890485 -0.034578
vn 0.308823 0.950486 -0.034700
vn 0.301495 0.927954 -0.219094
vn 0.152626 0.963699 -0.219066
vn 0.156318 0.987101 -0.034578
vn 0.000000 0.999398 -0.034700
vn 0.000000 0.975703 -0.219098
vn -0.152626 0.963699 -0.219066
vn -0.156318 0.987101 -0.034578
vn -0.308823 0.950486 -0.034700
vn -0.301495 0.927954 -0.219094
vn -0.442955 0.869368 -0.219066
vn -0.453696 0.890485 -0.034578
vn -0.587425 0.808534 -0.034700
vn -0.573497 0.789364 -0.219102
vn -0.689930 0.689930 -0.219071
vn -0.706684 0.706684 -0.034579
vn -0.808534 0.587425 -0.034700
vn -0.789364 0.573497 -0.219102
vn -0.869368 0.442955 -0.219066
vn -0.890485 0.453696 -0.034578
vn -0.950486 0.308823 -0.034700
vn -0.927954 0.301495 -0.219094
vn -0.963699 0.152626 -0.219066
vn -0.987101 0.156318 -0.034578
vn -0.999398 0.000000 -0.034700
vn -0.975703 0.000000 -0.219098
vn -0.963699 -0.152626 -0.219066
vn -0.987101 -0.156318 -0.034578
vn -0.950486 -0.308823 -0.034700
vn -0.927954 -0.301495 -0.219094
vn -0.869368 -0.442955 -0.219066
vn -0.890485 -0.453696 -0.034578
vn -0.808534 -0.587425 -0.034700
vn -0.789364 -0.573497 -0.219102
vn -0.689930 -0.689930 -0.219071
vn -0.706684 -0.706684 -0.034579
vn -0.587425 -0.808534 -0.034700
vn -0.573497 -0.789364 -0.219102
vn -0.442952 -0.869362 -0.219095
vn -0.453696 -0.890485 -0.034578
vn -0.308823 -0.950486 -0.034700
vn -0.301495 -0.927954 -0.219094
vn -0.152626 -0.963699 -0.219066
vn -0.156318 -0.987101 -0.034578
vn 0.000000 -0.999398 -0.034700
vn 0.000000 -0.975703 -0.219098
vn 0.152626 -0.963699 -0.219066
vn 0.156318 -0.987101 -0.034578
vn 0.308823 -0.950486 -0.034700
vn 0.301495 -0.927954 -0.219094
vn 0.442955 -0.869368 -0.219066
vn 0.453696 -0.890485 -0.034578
vn 0.587425 -0.808534 -0.034700
vn 0.573497 -0.789364 -0.219102
vn 0.689930 -0.689930 -0.219071
vn 0.706684 -0.706684 -0.034579
vn 0.808534 -0.587425 -0.034700
vn 0.789364 -0.573497 -0.219102
vn 0.869368 -0.442955 -0.219066
vn 0.890485 -0.453696 -0.034578
vn 0.950486 -0.308823 -0.034700
vn 0.927954 -0.301495 -0.219094
vn 0.963699 -0.152626 -0.219066
vn 0.987101 -0.156318 -0.034578
vn 0.999398 0.000000 -0.034700
vn 0.975703 0.000000 -0.219098
vn 0.963699 0.152626 -0.219066
vn 0.987101 0.156318 -0.034578
vn 0.940542 0.286698 0.182169
vn 0.890452 0.453695 0.035433
vn 0.760835 0.579736 0.291608
vn 0.782842 0.595883 0.179116
vn 0.951034 0.293654 0.096440
vn 0.706395 0.706395 0.044863
vn 0.535942 0.811925 0.231394
vn 0.556632 0.812531 0.173072
vn 0.453702 0.890466 0.035006
vn 0.300675 0.918566 0.256575
vn 0.310410 0.937365 0.158089
vn 0.156228 0.986504 0.049014
vn -0.001434 0.966726 0.255812
vn -0.009369 0.983844 0.178781
vn -0.156379 0.987500 0.019746
vn -0.320088 0.947385 -0.002228
vn -0.329544 0.942153 0.061221
vn -0.453513 0.890089 -0.045473
vn -0.592461 0.760192 -0.266642
vn -0.608158 0.784163 -0.123420
vn -0.704366 0.704366 -0.087958
vn -0.783717 0.535927 -0.313957
vn -0.803961 0.560511 -0.198679
vn -0.887326 0.452117 -0.090796
vn -0.955563 0.289721 0.054416
vn -0.952106 0.298264 -0.067325
vn -0.986364 0.156195 0.051851
vn -0.999962 0.002960 -0.008240
vn -0.995482 -0.002716 0.094915
vn -0.985242 -0.156043 -0.070346
vn -0.896383 -0.329609 -0.296404
vn -0.927669 -0.331868 -0.171153
vn -0.887326 -0.452117 -0.090796
vn -0.807354 -0.589722 0.020204
vn -0.803544 -0.589359 -0.083501
vn -0.706547 -0.706547 0.039766
vn -0.547364 -0.783888 0.293107
vn -0.562045 -0.806352 0.184123
vn -0.453576 -0.890213 0.042300
vn -0.265577 -0.918074 0.294295
vn -0.281172 -0.940324 0.191660
vn -0.156224 -0.986360 0.051851
vn 0.019685 -0.997237 -0.071628
vn 0.010529 -0.997675 0.067326
vn 0.155771 -0.983611 -0.090795
vn 0.327254 -0.943368 0.054415
vn 0.318311 -0.945593 -0.067324
vn 0.453362 -0.889817 0.051852
vn 0.577057 -0.762095 0.293625
vn 0.584434 -0.786804 0.198433
vn 0.706155 -0.706155 0.051852
vn 0.775401 -0.559386 0.292984
vn 0.796335 -0.572783 0.194346
vn 0.890262 -0.453600 0.040987
vn 0.944599 -0.305070 0.121100
vn 0.947583 -0.293348 0.126623
vn 0.987426 -0.156382 -0.023134
vn 0.996128 0.063448 0.060854
vn 0.998689 0.044496 0.025300
vn 0.987656 0.156410 0.008454
vn 0.809030 0.587767 0.000000
vn 0.951061 0.309004 0.000000
vn 0.587767 0.809030 0.000000
vn 0.309004 0.951061 0.000000
vn 0.000000 1.000000 0.000000
vn -0.309004 0.951061 0.000000
vn -0.587767 0.809030 0.000000
vn -0.809030 0.587767 0.000000
vn -0.951061 0.309004 0.000000
vn -1.000000 -0.000000 0.000000
vn -0.951061 -0.309004 -0.000000
vn -0.809030 -0.587767 -0.000000
vn -0.587767 -0.809030 -0.000000
vn -0.309004 -0.951061 -0.000000
vn 0.000001 -1.000000 -0.000000
vn 0.309004 -0.951061 -0.000000
vn 0.587767 -0.809030 -0.000000
vn 0.809030 -0.587767 -0.000000
vn 0.951061 -0.309004 -0.000000
vn 1.000000 -0.000001 0.000000
vn 0.809030 0.587767 0.000000
vn 0.951061 0.309004 0.000000
vn 0.587767 0.809030 0.000000
vn 0.309004 0.951061 0.000000
vn 0.000000 1.000000 0.000000
vn -0.309004 0.951061 0.000000
vn -0.587767 0.809030 0.000000
vn -0.809030 0.587767 0.000000
vn -0.951061 0.309004 0.000000
vn -1.000000 0.000000 0.000000
vn -0.951061 -0.309004 -0.000000
vn -0.809030 -0.587767 -0.000000
vn -0.587767 -0.809030 -0.000000
vn -0.309004 -0.951061 -0.000000
vn 0.000000 -1.000000 -0.000000
vn 0.309004 -0.951061 -0.000000
vn 0.587767 -0.809030 -0.000000
vn 0.809030 -0.587767 -0.000000
vn 0.951061 -0.309004 -0.000000
vn 1.000000 -0.000001 -0.000000
vn 0.809030 0.587767 0.000000
vn 0.951061 0.309004 0.000000
vn 0.587767 0.809030 0.000000
vn 0.309004 0.951061 0.000000
vn -0.000000 1.000000 0.000000
vn -0.309004 0.951061 0.000000
vn -0.587767 0.809030 0.000000
vn -0.809030 0.587767 0.000000
vn -0.951061 0.309004 0.000000
vn -1.000000 -0.000000 -0.000000
vn -0.951061 -0.309004 -0.000000
vn -0.809030 -0.587767 -0.000000
vn -0.587767 -0.809030 -0.000000
vn -0.309004 -0.951061 -0.000000
vn 0.000000 -1.000000 0.000000
vn 0.309004 -0.951061 -0.000000
vn 0.587767 -0.809030 -0.000000
vn 0.809030 -0.587767 -0.000000
vn 0.951061 -0.309004 -0.000000
vn 1.000000 -0.000001 -0.000000
vn 0.809030 0.587767 0.000000
vn 0.951061 0.309004 0.000000
vn 0.587767 0.809030 0.000000
vn 0.309004 0.951061 0.000000
vn -0.000000 1.000000 0.000000
vn -0.309004 0.951061 0.000000
vn -0.587767 0.809030 0.000000
vn -0.809030 0.587767 0.000000
vn -0.951061 0.309004 0.000000
vn -1.000000 -0.000000 -0.000000
vn -0.951061 -0.309004 -0.000000
vn -0.809030 -0.587767 -0.000000
vn -0.587767 -0.809030 -0.000000
vn -0.309004 -0.951061 -0.000000
vn 0.000000 -1.000000 0.000000
vn 0.309004 -0.951061 -0.000000
vn 0.587767 -0.809030 -0.000000
vn 0.809030 -0.587767 -0.000000
vn 0.951061 -0.309004 -0.000000
vn 1.000000 -0.000001 0.000000
vn 0.809030 0.587767 0.000000
vn 0.951061 0.309004 0.000000
vn 0.587767 0.809030 0.000000
vn 0.309004 0.951061 0.000000
vn -0.000000 1.000000 0.000000
vn -0.309004 0.951061 0.000000
vn -0.587767 0.809030 0.000000
vn -0.809030 0.587767 0.000000
vn -0.951061 0.309004 0.000000
vn -1.000000 -0.000000 -0.000000
vn -0.951061 -0.309004 -0.000000
vn -0.809030 -0.587767 -0.000000
vn -0.587767 -0.809030 -0.000000
vn -0.309004 -0.951061 -0.000000
vn -0.000000 -1.000000 -0.000000
vn 0.309004 -0.951061 -0.000000
vn 0.587767 -0.809030 -0.000000
vn 0.809030 -0.587767 -0.000000
vn 0.951061 -0.309004 -0.000000
vn 1.000000 -0.000001 0.000000
vn 0.809030 0.587767 0.000000
vn 0.951061 0.309004 0.000000
vn 0.587767 0.809030 0.000000
vn 0.309004 0.951061 0.000000
vn -0.000000 1.000000 0.000000
vn -0.309004 0.951061 0.000000
vn -0.587767 0.809030 0.000000
vn -0.809030 0.587767 0.000000
vn -0.951061 0.309004 0.000000
vn -1.000000 -0.000000 0.000000
vn -0.951061 -0.309004 -0.000000
vn -0.809030 -0.587767 -0.000000
vn -0.587767 -0.809030 -0.000000
vn -0.309004 -0.951061 -0.000000
vn 0.000000 -1.000000 -0.000000
vn 0.309004 -0.951061 -0.000000
vn 0.587767 -0.809030 -0.000000
vn 0.809030 -0.587767 -0.000000
vn 0.951061 -0.309004 -0.000000
vn 1.000000 -0.000001 -0.000000
vn 0.809030 0.587767 0.000000
vn 0.951061 0.309004 0.000000
vn 0.587767 0.809030 0.000000
vn 0.309004 0.951061 0.000000
vn -0.000000 1.000000 0.000000
vn -0.309004 0.951061 0.000000
vn -0.587767 0.809030 0.000000
vn -0.809030 0.587767 0.000000
vn -0.951061 0.309004 0.000000
vn -1.000000 -0.000000 -0.000000
vn -0.951061 -0.309004 -0.000000
vn -0.809030 -0.587767 -0.000000
vn -0.587767 -0.809030 -0.000000
vn -0.309004 -0.951061 -0.000000
vn 0.000000 -1.000000 0.000000
vn 0.309004 -0.951061 -0.000000
vn 0.587767 -0.809030 -0.000000
vn 0.809030 -0.587767 -0.000000
vn 0.951061 -0.309004 -0.000000
vn 1.000000 -0.000001 -0.000000
vn 0.809030 0.587767 0.000000
vn 0.951061 0.309004 0.000000
vn 0.587767 0.809030 0.000000
vn 0.309004 0.951061 0.000000
vn -0.000000 1.000000 0.000000
vn -0.309004 0.951061 0.000000
vn -0.587767 0.809030 0.000000
vn -0.809030 0.587767 0.000000
vn -0.951061 0.309004 0.000000
vn -1.000000 0.000000 -0.000000
vn -0.951061 -0.309004 -0.000000
vn -0.809030 -0.587767 -0.000000
vn -0.587767 -0.809030 -0.000000
vn -0.309004 -0.951061 -0.000000
vn 0.000000 -1.000000 0.000000
vn 0.309004 -0.951061 -0.000000
vn 0.587767 -0.809030 -0.000000
vn 0.809030 -0.587767 -0.000000
vn 0.951061 -0.309004 -0.000000
vn 1.000000 -0.000001 -0.000000
vn 0.809030 0.587767 0.000000
vn 0.951061 0.309004 0.000000
vn 0.587767 0.809030 0.000000
vn 0.309004 0.951061 0.000000
vn 0.000000 1.000000 -0.000000
vn -0.309004 0.951061 0.000000
vn -0.587767 0.809030 0.000000
vn -0.809030 0.587767 0.000000
vn -0.951061 0.309004 0.000000
vn -1.000000 0.000000 -0.000000
vn -0.951061 -0.309004 -0.000000
vn -0.809030 -0.587767 -0.000000
vn -0.587767 -0.809030 -0.000000
vn -0.309004 -0.951061 -0.000000
vn 0.000000 -1.000000 0.000000
vn 0.309004 -0.951061 -0.000000
vn 0.587767 -0.809030 -0.000000
vn 0.809030 -0.587767 -0.000000
vn 0.951061 -0.309004 -0.000000
vn 1.000000 -0.000001 0.000000
vn 0.809030 0.587767 0.000000
vn 0.951061 0.309004 0.000000
vn 0.587767 0.809030 0.000000
vn 0.309004 0.951061 0.000000
vn 0.000000 1.000000 0.000000
vn -0.309004 0.951061 0.000000
vn -0.587767 0.809030 0.000000
vn -0.809030 0.587767 0.000000
vn -0.951061 0.309004 0.000000
vn -1.000000 0.000000 0.000000
vn -0.951061 -0.309004 -0.000000
vn -0.809030 -0.587767 -0.000000
vn -0.587767 -0.809030 -0.000000
vn -0.309004 -0.951061 -0.000000
vn 0.000000 -1.000000 0.000000
vn 0.309004 -0.951061 -0.000000
vn 0.587767 -0.809030 -0.000000
vn 0.809030 -0.587767 -0.000000
vn 0.951061 -0.309004 -0.000000
vn 1.000000 -0.000001 -0.000000
vn 0.809030 0.587767 0.000000
vn 0.951061 0.309004 0.000000
vn 0.587767 0.809030 0.000000
vn 0.309004 0.951061 0.000000
vn 0.000000 1.000000 0.000000
vn -0.309004 0.951061 0.000000
vn -0.587767 0.809030 0.000000
vn -0.809030 0.587767 0.000000
vn -0.951061 0.309004 0.000000
vn -1.000000 -0.000000 0.000000
vn -0.951061 -0.309004 -0.000000
vn -0.809030 -0.587767 -0.000000
vn -0.587767 -0.809030 -0.000000
vn -0.309004 -0.951061 -0.000000
vn 0.000001 -1.000000 -0.000000
vn 0.309004 -0.951061 -0.000000
vn 0.587767 -0.809030 -0.000000
vn 0.809030 -0.587767 -0.000000
vn 0.951061 -0.309004 -0.000000
vn 1.000000 -0.000001 -0.000000
vn 0.809030 0.587767 0.000000
vn 0.951061 0.309004 0.000000
vn 0.587767 0.809030 0.000000
vn 0.309004 0.951061 0.000000
vn -0.000000 1.000000 -0.000000
vn -0.309004 0.951061 0.000000
vn -0.587767 0.809030 0.000000
vn -0.809030 0.587767 0.000000
vn -0.951061 0.309004 0.000000
vn -1.000000 -0.000000 0.000000
vn -0.951061 -0.309004 -0.000000
vn -0.809030 -0.587767 -0.000000
vn -0.587767 -0.809030 -0.000000
vn -0.309004 -0.951061 -0.000000
vn 0.000000 -1.000000 0.000000
vn 0.309004 -0.951061 -0.000000
vn 0.587767 -0.809030 -0.000000
vn 0.809030 -0.587767 -0.000000
vn 0.951061 -0.309004 -0.000000
vn 1.000000 -0.000000 -0.000000
vn 0.805087 0.584253 -0.102391
vn 0.946226 0.306874 -0.102393
vn 0.585137 0.804445 -0.102391
vn 0.307911 0.945889 -0.102393
vn 0.000519 0.994744 -0.102392
vn -0.306874 0.946226 -0.102393
vn -0.584253 0.805087 -0.102391
vn -0.804445 0.585137 -0.102391
vn -0.945889 0.307911 -0.102393
vn -0.994744 0.000519 -0.102392
vn -0.946226 -0.306874 -0.102393
vn -0.805087 -0.584253 -0.102391
vn -0.585137 -0.804445 -0.102391
vn -0.307911 -0.945889 -0.102393
vn -0.000519 -0.994744 -0.102392
vn 0.306874 -0.946226 -0.102393
vn 0.584253 -0.805087 -0.102391
vn 0.804445 -0.585137 -0.102391
vn 0.945889 -0.307911 -0.102393
vn 0.994744 -0.000519 -0.102392
vn 0.748121 0.538727 -0.387412
vn 0.877982 0.281175 -0.387413
vn 0.545018 0.743548 -0.387415
vn 0.288592 0.875572 -0.387414
vn 0.003876 0.921898 -0.387413
vn -0.281175 0.877982 -0.387413
vn -0.538727 0.748121 -0.387412
vn -0.743548 0.545018 -0.387415
vn -0.875572 0.288592 -0.387414
vn -0.921898 0.003876 -0.387413
vn -0.877982 -0.281175 -0.387413
vn -0.748121 -0.538727 -0.387412
vn -0.545018 -0.743548 -0.387415
vn -0.288592 -0.875572 -0.387414
vn -0.003876 -0.921898 -0.387413
vn 0.281175 -0.877982 -0.387413
vn 0.538727 -0.748121 -0.387412
vn 0.743536 -0.545040 -0.387409
vn 0.875572 -0.288592 -0.387414
vn 0.921898 -0.003876 -0.387413
vn 0.698212 0.509300 -0.503104
vn 0.821423 0.268599 -0.503108
vn 0.506647 0.700138 -0.503107
vn 0.265487 0.822433 -0.503110
vn -0.001618 0.864219 -0.503113
vn -0.268599 0.821423 -0.503108
vn -0.509300 0.698212 -0.503104
vn -0.700138 0.506647 -0.503107
vn -0.822433 0.265487 -0.503110
vn -0.864219 -0.001618 -0.503113
vn -0.821423 -0.268599 -0.503108
vn -0.698212 -0.509300 -0.503104
vn -0.506647 -0.700138 -0.503107
vn -0.265487 -0.822433 -0.503110
vn 0.001618 -0.864219 -0.503113
vn 0.268599 -0.821423 -0.503108
vn 0.509300 -0.698212 -0.503104
vn 0.700138 -0.506647 -0.503107
vn 0.822433 -0.265487 -0.503110
vn 0.864219 0.001618 -0.503113
vn 0.785594 0.574249 -0.230389
vn 0.924605 0.303359 -0.230388
vn 0.569705 0.788895 -0.230391
vn 0.298017 0.926341 -0.230387
vn -0.002808 0.973095 -0.230387
vn -0.303359 0.924605 -0.230388
vn -0.574249 0.785594 -0.230389
vn -0.788895 0.569705 -0.230391
vn -0.926341 0.298017 -0.230387
vn -0.973095 -0.002808 -0.230387
vn -0.924605 -0.303359 -0.230388
vn -0.785594 -0.574249 -0.230389
vn -0.569705 -0.788895 -0.230391
vn -0.298017 -0.926341 -0.230387
vn 0.002808 -0.973095 -0.230387
vn 0.303359 -0.924605 -0.230388
vn 0.574249 -0.785594 -0.230389
vn 0.788895 -0.569705 -0.230391
vn 0.926341 -0.298017 -0.230387
vn 0.973095 0.002808 -0.230387
vn 0.809030 0.587767 0.000000
vn 0.951061 0.309004 0.000000
vn 0.587767 0.809030 0.000000
vn 0.309004 0.951061 0.000000
vn 0.000000 1.000000 0.000000
vn -0.309004 0.951061 0.000000
vn -0.587767 0.809030 0.000000
vn -0.809030 0.587767 0.000000
vn -0.951061 0.309004 0.000000
vn -1.000000 0.000000 0.000000
vn -0.951061 -0.309004 -0.000000
vn -0.809030 -0.587767 -0.000000
vn -0.587767 -0.809030 -0.000000
vn -0.309004 -0.951061 -0.000000
vn 0.000000 -1.000000 -0.000000
vn 0.309004 -0.951061 -0.000000
vn 0.587767 -0.809030 -0.000000
vn 0.809030 -0.587767 -0.000000
vn 0.951061 -0.309004 -0.000000
vn 1.000000 -0.000000 0.000000
vn 0.571361 0.364193 0.735466
vn 0.655951 0.169809 0.735454
vn 0.430843 0.522950 0.735457
vn 0.248152 0.630498 0.735454
vn 0.041171 0.676315 0.735462
vn -0.169809 0.655951 0.735454
vn -0.364193 0.571361 0.735466
vn -0.522950 0.430843 0.735457
vn -0.630498 0.248152 0.735454
vn -0.676315 0.041171 0.735462
vn -0.655951 -0.169809 0.735454
vn -0.571361 -0.364193 0.735466
vn -0.430843 -0.522950 0.735457
vn -0.248152 -0.630498 0.735454
vn -0.041171 -0.676315 0.735462
vn 0.169809 -0.655951 0.735454
vn 0.364193 -0.571361 0.735466
vn 0.522950 -0.430843 0.735457
vn 0.630498 -0.248152 0.735454
vn 0.676315 -0.041171 0.735462
vn -0.857320 -0.242538 0.454068
vn -0.740403 -0.495606 0.454069
vn -0.000000 0.000000 1.000000
vn -0.551024 -0.700141 0.454065
vn -0.307691 -0.836156 0.454060
vn -0.034243 -0.890310 0.454066
vn 0.242538 -0.857320 0.454068
vn 0.495606 -0.740403 0.454069
vn 0.700141 -0.551024 0.454065
vn 0.836156 -0.307691 0.454060
vn 0.890310 -0.034243 0.454066
vn 0.857320 0.242538 0.454068
vn 0.740403 0.495606 0.454069
vn 0.551024 0.700141 0.454065
vn 0.307691 0.836156 0.454060
vn 0.034243 0.890310 0.454066
vn -0.242538 0.857320 0.454068
vn -0.495606 0.740403 0.454069
vn -0.700141 0.551024 0.454065
vn -0.836156 0.307691 0.454060
vn -0.890310 0.034243 0.454066
vn -0.532567 -0.425413 0.731708
vn -0.637976 -0.240004 0.731700
vn -0.375054 -0.569158 0.731705
vn -0.180797 -0.657207 0.731705
vn 0.031099 -0.680916 0.731701
vn 0.240004 -0.637976 0.731700
vn 0.425413 -0.532567 0.731708
vn 0.569158 -0.375054 0.731705
vn 0.657207 -0.180797 0.731705
vn 0.680916 0.031099 0.731701
vn 0.637976 0.240004 0.731700
vn 0.532567 0.425413 0.731708
vn 0.375054 0.569158 0.731705
vn 0.180797 0.657207 0.731705
vn -0.031099 0.680916 0.731701
vn -0.240004 0.637976 0.731700
vn -0.425413 0.532567 0.731708
vn -0.569158 0.375054 0.731705
vn -0.657207 0.180797 0.731705
vn -0.680916 -0.031099 0.731701
vn 0.722455 0.524903 -0.450039
vn 0.795696 0.405417 -0.450005
vn 0.524903 0.722455 -0.450039
vn 0.631466 0.631466 -0.450001
vn 0.275951 0.849308 -0.450030
vn 0.405417 0.795696 -0.450005
vn 0.000000 0.893013 -0.450031
vn 0.139686 0.882034 -0.450005
vn -0.275951 0.849308 -0.450030
vn -0.139686 0.882034 -0.450005
vn -0.524903 0.722455 -0.450039
vn -0.405417 0.795696 -0.450005
vn -0.722455 0.524903 -0.450039
vn -0.631466 0.631466 -0.450001
vn -0.849308 0.275951 -0.450030
vn -0.795696 0.405417 -0.450005
vn -0.893013 0.000000 -0.450031
vn -0.882034 0.139686 -0.450005
vn -0.849308 -0.275951 -0.450030
vn -0.882034 -0.139686 -0.450005
vn -0.722455 -0.524903 -0.450039
vn -0.795696 -0.405417 -0.450005
vn -0.524903 -0.722455 -0.450039
vn -0.631466 -0.631466 -0.450001
vn -0.275951 -0.849308 -0.450030
vn -0.405417 -0.795696 -0.450005
vn 0.000000 -0.893013 -0.450031
vn -0.139686 -0.882034 -0.450005
vn 0.275951 -0.849308 -0.450030
vn 0.139686 -0.882034 -0.450005
vn 0.524903 -0.722455 -0.450039
vn 0.405417 -0.795696 -0.450005
vn 0.722455 -0.524903 -0.450039
vn 0.631466 -0.631466 -0.450001
vn 0.849308 -0.275951 -0.450030
vn 0.795696 -0.405417 -0.450005
vn 0.893013 0.000000 -0.450031
vn 0.882034 -0.139686 -0.450005
vn 0.849308 0.275951 -0.450030
vn 0.882034 0.139686 -0.450005
vn 0.795769 0.578164 -0.180218
vn 0.761420 0.553188 -0.337968
vn 0.838588 0.427275 -0.337944
vn 0.876419 0.446556 -0.180216
vn 0.578164 0.795769 -0.180218
vn 0.553188 0.761420 -0.337968
vn 0.665506 0.665506 -0.337941
vn 0.695529 0.695529 -0.180215
vn 0.303945 0.935488 -0.180219
vn 0.290818 0.895099 -0.337970
vn 0.427275 0.838588 -0.337944
vn 0.446556 0.876419 -0.180216
vn 0.000000 0.983627 -0.180215
vn 0.000000 0.941156 -0.337972
vn 0.147224 0.929582 -0.337938
vn 0.153848 0.971521 -0.180216
vn -0.303945 0.935488 -0.180219
vn -0.290818 0.895099 -0.337970
vn -0.147224 0.929582 -0.337938
vn -0.153848 0.971521 -0.180216
vn -0.578164 0.795769 -0.180218
vn -0.553188 0.761420 -0.337968
vn -0.427275 0.838588 -0.337944
vn -0.446556 0.876419 -0.180216
vn -0.795769 0.578164 -0.180218
vn -0.761420 0.553188 -0.337968
vn -0.665506 0.665506 -0.337941
vn -0.695529 0.695529 -0.180215
vn -0.935488 0.303945 -0.180219
vn -0.895099 0.290818 -0.337970
vn -0.838588 0.427275 -0.337944
vn -0.876419 0.446556 -0.180216
vn -0.983627 0.000000 -0.180215
vn -0.941156 0.000000 -0.337972
vn -0.929582 0.147224 -0.337938
vn -0.971516 0.153878 -0.180216
vn -0.935488 -0.303945 -0.180219
vn -0.895099 -0.290818 -0.337970
vn -0.929582 -0.147224 -0.337938
vn -0.971521 -0.153848 -0.180216
vn -0.795769 -0.578164 -0.180218
vn -0.761420 -0.553188 -0.337968
vn -0.838588 -0.427275 -0.337944
vn -0.876419 -0.446556 -0.180216
vn -0.578164 -0.795769 -0.180218
vn -0.553188 -0.761420 -0.337968
vn -0.665506 -0.665506 -0.337941
vn -0.695529 -0.695529 -0.180215
vn -0.303945 -0.935488 -0.180219
vn -0.290818 -0.895099 -0.337970
vn -0.427275 -0.838588 -0.337944
vn -0.446556 -0.876419 -0.180216
vn 0.000000 -0.983627 -0.180215
vn 0.000000 -0.941156 -0.337972
vn -0.147224 -0.929582 -0.337938
vn -0.153848 -0.971521 -0.180216
vn 0.303945 -0.935488 -0.180219
vn 0.290818 -0.895099 -0.337970
vn 0.147224 -0.929582 -0.337938
vn 0.153848 -0.971521 -0.180216
vn 0.578164 -0.795769 -0.180218
vn 0.553188 -0.761420 -0.337968
vn 0.427275 -0.838588 -0.337944
vn 0.446556 -0.876419 -0.180216
vn 0.795769 -0.578164 -0.180218
vn 0.761420 -0.553188 -0.337968
vn 0.665506 -0.665506 -0.337941
vn 0.695529 -0.695529 -0.180215
vn 0.935488 -0.303945 -0.180219
vn 0.895099 -0.290818 -0.337970
vn 0.838588 -0.427275 -0.337944
vn 0.876419 -0.446556 -0.180216
vn 0.983627 0.000000 -0.180215
vn 0.941156 0.000000 -0.337972
vn 0.929582 -0.147224 -0.337938
vn 0.971521 -0.153848 -0.180216
vn 0.935488 0.303945 -0.180219
vn 0.895099 0.290818 -0.337970
vn 0.929582 0.147224 -0.337938
vn 0.971521 0.153848 -0.180216
vn 0.547373 0.397688 -0.736361
vn 0.696056 0.505706 -0.509674
vn 0.766609 0.390614 -0.509638
vn 0.604253 0.307880 -0.734907
vn 0.397689 0.547372 -0.736361
vn 0.505706 0.696056 -0.509674
vn 0.649237 0.649235 -0.396214
vn 0.479545 0.479545 -0.734897
vn 0.209544 0.644958 -0.734929
vn 0.265849 0.818270 -0.509664
vn 0.390614 0.766609 -0.509638
vn 0.307880 0.604253 -0.734907
vn 0.000000 0.678138 -0.734935
vn 0.000000 0.860369 -0.509672
vn 0.134588 0.849799 -0.509635
vn 0.106084 0.669830 -0.734897
vn -0.209544 0.644958 -0.734929
vn -0.265849 0.818270 -0.509664
vn -0.134588 0.849799 -0.509635
vn -0.106084 0.669830 -0.734897
vn -0.398615 0.548649 -0.734909
vn -0.505706 0.696056 -0.509674
vn -0.390614 0.766609 -0.509638
vn -0.307874 0.604273 -0.734893
vn -0.548649 0.398615 -0.734909
vn -0.696056 0.505706 -0.509674
vn -0.649237 0.649236 -0.396213
vn -0.479545 0.479545 -0.734897
vn -0.644958 0.209544 -0.734929
vn -0.818270 0.265849 -0.509664
vn -0.766609 0.390614 -0.509638
vn -0.604273 0.307874 -0.734893
vn -0.678138 0.000000 -0.734935
vn -0.860369 0.000000 -0.509672
vn -0.849799 0.134588 -0.509635
vn -0.669830 0.106084 -0.734897
vn -0.644958 -0.209544 -0.734929
vn -0.818270 -0.265849 -0.509664
vn -0.849799 -0.134588 -0.509635
vn -0.669830 -0.106084 -0.734897
vn -0.547372 -0.397688 -0.736362
vn -0.696056 -0.505706 -0.509674
vn -0.766609 -0.390614 -0.509638
vn -0.604253 -0.307880 -0.734907
vn -0.397689 -0.547371 -0.736362
vn -0.505706 -0.696056 -0.509674
vn -0.649236 -0.649236 -0.396214
vn -0.479545 -0.479545 -0.734897
vn -0.209544 -0.644958 -0.734929
vn -0.265849 -0.818270 -0.509664
vn -0.390614 -0.766609 -0.509638
vn -0.307880 -0.604253 -0.734907
vn 0.000000 -0.678138 -0.734935
vn 0.000000 -0.860369 -0.509672
vn -0.134588 -0.849799 -0.509635
vn -0.106084 -0.669830 -0.734897
vn 0.209544 -0.644958 -0.734929
vn 0.265849 -0.818270 -0.509664
vn 0.134588 -0.849799 -0.509635
vn 0.106084 -0.669830 -0.734897
vn 0.397688 -0.547371 -0.736362
vn 0.505706 -0.696056 -0.509674
vn 0.390614 -0.766609 -0.509638
vn 0.307880 -0.604253 -0.734907
vn 0.547372 -0.397688 -0.736362
vn 0.696056 -0.505706 -0.509674
vn 0.649235 -0.649237 -0.396213
vn 0.479545 -0.479545 -0.734897
vn 0.644958 -0.209544 -0.734929
vn 0.818270 -0.265849 -0.509664
vn 0.766609 -0.390614 -0.509638
vn 0.604253 -0.307880 -0.734907
vn 0.678138 0.000000 -0.734935
vn 0.860369 0.000000 -0.509672
vn 0.849799 -0.134588 -0.509635
vn 0.669830 -0.106084 -0.734897
vn 0.644958 0.209544 -0.734929
vn 0.818270 0.265849 -0.509664
vn 0.849799 0.134588 -0.509635
vn 0.669830 0.106084 -0.734897
vn 0.490080 0.077611 -0.868215
vn 0.466757 0.151649 -0.871287
vn 0.768280 0.249613 -0.589440
vn 0.797493 0.126288 -0.589963
vn 0.864003 0.440242 -0.244307
vn 0.922241 0.299641 -0.244309
vn 0.719426 0.366564 -0.589964
vn 0.685680 0.685680 -0.244308
vn 0.784499 0.569979 -0.244307
vn 0.653534 0.474815 -0.589444
vn 0.570943 0.570943 -0.589956
vn 0.440242 0.864003 -0.244307
vn 0.569979 0.784499 -0.244307
vn 0.474815 0.653534 -0.589444
vn 0.366564 0.719426 -0.589964
vn 0.151682 0.957761 -0.244308
vn 0.299641 0.922241 -0.244309
vn 0.249613 0.768280 -0.589440
vn 0.126288 0.797493 -0.589963
vn -0.151682 0.957761 -0.244308
vn 0.000000 0.969697 -0.244309
vn 0.000000 0.807809 -0.589445
vn -0.126288 0.797493 -0.589963
vn -0.440242 0.864003 -0.244307
vn -0.299641 0.922241 -0.244309
vn -0.249613 0.768280 -0.589440
vn -0.366564 0.719426 -0.589964
vn -0.685680 0.685680 -0.244308
vn -0.569979 0.784499 -0.244307
vn -0.474823 0.653546 -0.589424
vn -0.570943 0.570943 -0.589956
vn -0.864003 0.440242 -0.244307
vn -0.784499 0.569979 -0.244307
vn -0.653546 0.474823 -0.589424
vn -0.719426 0.366564 -0.589964
vn -0.957761 0.151682 -0.244308
vn -0.922241 0.299641 -0.244309
vn -0.768280 0.249613 -0.589440
vn -0.797493 0.126288 -0.589963
vn -0.957761 -0.151682 -0.244308
vn -0.969697 0.000000 -0.244309
vn -0.807809 0.000000 -0.589445
vn -0.797493 -0.126288 -0.589963
vn -0.864003 -0.440242 -0.244307
vn -0.922241 -0.299641 -0.244309
vn -0.768280 -0.249613 -0.589440
vn -0.719426 -0.366564 -0.589964
vn -0.685680 -0.685680 -0.244308
vn -0.784499 -0.569979 -0.244307
vn -0.653534 -0.474815 -0.589444
vn -0.570943 -0.570943 -0.589956
vn -0.440242 -0.864003 -0.244307
vn -0.569979 -0.784499 -0.244307
vn -0.474815 -0.653534 -0.589444
vn -0.366564 -0.719426 -0.589964
vn -0.151682 -0.957761 -0.244308
vn -0.299641 -0.922241 -0.244309
vn -0.249613 -0.768280 -0.589440
vn -0.126288 -0.797493 -0.589963
vn 0.151682 -0.957761 -0.244308
vn 0.000000 -0.969697 -0.244309
vn 0.000000 -0.807809 -0.589445
vn 0.126288 -0.797493 -0.589963
vn 0.440242 -0.864003 -0.244307
vn 0.299641 -0.922241 -0.244309
vn 0.249613 -0.768280 -0.589440
vn 0.366564 -0.719426 -0.589964
vn 0.685680 -0.685680 -0.244308
vn 0.569979 -0.784499 -0.244307
vn 0.474815 -0.653534 -0.589444
vn 0.570922 -0.570953 -0.589966
vn 0.864003 -0.440242 -0.244307
vn 0.784499 -0.569979 -0.244307
vn 0.653534 -0.474815 -0.589444
vn 0.719426 -0.366564 -0.589964
vn 0.957761 -0.151682 -0.244308
vn 0.922241 -0.299641 -0.244309
vn 0.768280 -0.249613 -0.589440
vn 0.797493 -0.126288 -0.589963
vn 0.264355 0.192055 -0.945109
vn 0.397052 0.288465 -0.871285
vn 0.442104 0.225264 -0.868217
vn 0.300642 0.153175 -0.941356
vn 0.192055 0.264355 -0.945109
vn 0.288465 0.397052 -0.871285
vn 0.350852 0.350852 -0.868219
vn 0.238596 0.238596 -0.941352
vn 0.100956 0.310773 -0.945107
vn 0.151649 0.466757 -0.871287
vn 0.225264 0.442104 -0.868217
vn 0.153175 0.300642 -0.941356
vn 0.000000 0.326765 -0.945106
vn 0.000000 0.490776 -0.871286
vn 0.077611 0.490080 -0.868215
vn 0.052767 0.333266 -0.941355
vn -0.100956 0.310773 -0.945107
vn -0.151649 0.466757 -0.871287
vn -0.077611 0.490080 -0.868215
vn -0.052767 0.333266 -0.941355
vn -0.192055 0.264355 -0.945109
vn -0.288465 0.397052 -0.871285
vn -0.225264 0.442104 -0.868217
vn -0.153175 0.300642 -0.941356
vn -0.264355 0.192055 -0.945109
vn -0.397052 0.288465 -0.871285
vn -0.350852 0.350852 -0.868219
vn -0.238596 0.238596 -0.941352
vn -0.310773 0.100956 -0.945107
vn -0.466757 0.151649 -0.871287
vn -0.442104 0.225264 -0.868217
vn -0.300642 0.153175 -0.941356
vn -0.326765 0.000000 -0.945106
vn -0.490776 0.000000 -0.871286
vn -0.490080 0.077611 -0.868215
vn -0.333266 0.052767 -0.941355
vn -0.310773 -0.100956 -0.945107
vn -0.466757 -0.151649 -0.871287
vn -0.490080 -0.077611 -0.868215
vn -0.333266 -0.052767 -0.941355
vn -0.264355 -0.192055 -0.945109
vn -0.397052 -0.288465 -0.871285
vn -0.442104 -0.225264 -0.868217
vn -0.300642 -0.153175 -0.941356
vn -0.192055 -0.264355 -0.945109
vn -0.288465 -0.397052 -0.871285
vn -0.350852 -0.350852 -0.868219
vn -0.238596 -0.238596 -0.941352
vn -0.100956 -0.310773 -0.945107
vn -0.151649 -0.466757 -0.871287
vn -0.225264 -0.442104 -0.868217
vn -0.153175 -0.300642 -0.941356
vn 0.000000 -0.326765 -0.945106
vn 0.000000 -0.490776 -0.871286
vn -0.077611 -0.490080 -0.868215
vn -0.052767 -0.333266 -0.941355
vn 0.100956 -0.310773 -0.945107
vn 0.151649 -0.466757 -0.871287
vn 0.077611 -0.490080 -0.868215
vn 0.052767 -0.333266 -0.941355
vn 0.192055 -0.264355 -0.945109
vn 0.288465 -0.397052 -0.871285
vn 0.225264 -0.442104 -0.868217
vn 0.153175 -0.300642 -0.941356
vn 0.264355 -0.192055 -0.945109
vn 0.397052 -0.288465 -0.871285
vn 0.350852 -0.350852 -0.868219
vn 0.238596 -0.238596 -0.941352
vn 0.310773 -0.100956 -0.945107
vn 0.466757 -0.151649 -0.871287
vn 0.442104 -0.225264 -0.868217
vn 0.300642 -0.153175 -0.941356
vn 0.326765 0.000000 -0.945106
vn 0.490776 0.000000 -0.871286
vn 0.490080 -0.077611 -0.868215
vn 0.333266 -0.052767 -0.941355
vn 0.310773 0.100956 -0.945107
vn 0.333266 0.052767 -0.941355
vn 0.801859 0.582579 -0.132758
vn 0.719852 0.522974 -0.456412
vn 0.792801 0.403954 -0.456386
vn 0.883158 0.449992 -0.132434
vn 0.582579 0.801859 -0.132758
vn 0.522985 0.719837 -0.456422
vn 0.659350 0.659348 -0.361272
vn 0.700848 0.700848 -0.132759
vn 0.306260 0.942645 -0.132758
vn 0.274944 0.846225 -0.456409
vn 0.403954 0.792801 -0.456386
vn 0.449991 0.883158 -0.132435
vn 0.000000 0.991148 -0.132759
vn 0.000000 0.932423 -0.361368
vn 0.139168 0.878832 -0.456385
vn 0.155035 0.978948 -0.132756
vn -0.306260 0.942645 -0.132758
vn -0.274948 0.846237 -0.456384
vn -0.139168 0.878832 -0.456385
vn -0.155035 0.978948 -0.132756
vn -0.582579 0.801859 -0.132758
vn -0.523003 0.719850 -0.456380
vn -0.403960 0.792812 -0.456362
vn -0.449969 0.883122 -0.132757
vn -0.801859 0.582579 -0.132758
vn -0.719850 0.523003 -0.456380
vn -0.629183 0.629183 -0.456353
vn -0.700848 0.700848 -0.132759
vn -0.942645 0.306260 -0.132758
vn -0.846237 0.274948 -0.456384
vn -0.792823 0.403950 -0.456351
vn -0.883122 0.449969 -0.132757
vn -0.991148 0.000000 -0.132759
vn -0.932423 0.000001 -0.361369
vn -0.878828 0.139198 -0.456383
vn -0.978948 0.155035 -0.132756
vn -0.942645 -0.306260 -0.132758
vn -0.846225 -0.274944 -0.456409
vn -0.878832 -0.139168 -0.456385
vn -0.978948 -0.155035 -0.132756
vn -0.801859 -0.582579 -0.132758
vn -0.719837 -0.522985 -0.456422
vn -0.792801 -0.403954 -0.456386
vn -0.883158 -0.449991 -0.132435
vn -0.582579 -0.801859 -0.132758
vn -0.522974 -0.719852 -0.456412
vn -0.659349 -0.659350 -0.361271
vn -0.700848 -0.700848 -0.132759
vn -0.306260 -0.942645 -0.132758
vn -0.274944 -0.846225 -0.456409
vn -0.403954 -0.792801 -0.456386
vn -0.449990 -0.883159 -0.132434
vn 0.000000 -0.991148 -0.132759
vn -0.000000 -0.932424 -0.361367
vn -0.139168 -0.878832 -0.456385
vn -0.155035 -0.978948 -0.132756
vn 0.306260 -0.942645 -0.132758
vn 0.274944 -0.846225 -0.456409
vn 0.139168 -0.878832 -0.456385
vn 0.155035 -0.978948 -0.132756
vn 0.582579 -0.801859 -0.132758
vn 0.522974 -0.719852 -0.456412
vn 0.403954 -0.792801 -0.456386
vn 0.449991 -0.883159 -0.132435
vn 0.801859 -0.582579 -0.132758
vn 0.719852 -0.522974 -0.456412
vn 0.659349 -0.659350 -0.361271
vn 0.700848 -0.700848 -0.132759
vn 0.942645 -0.306260 -0.132758
vn 0.846225 -0.274944 -0.456409
vn 0.792801 -0.403954 -0.456386
vn 0.883159 -0.449990 -0.132434
vn 0.991148 0.000000 -0.132759
vn 0.932424 0.000000 -0.361367
vn 0.878832 -0.139168 -0.456385
vn 0.978948 -0.155035 -0.132756
vn 0.942645 0.306260 -0.132758
vn 0.846225 0.274944 -0.456409
vn 0.878832 0.139168 -0.456385
vn 0.978948 0.155035 -0.132756
vn 0.957761 0.151682 -0.244308
vn 0.969697 0.000000 -0.244309
vn 0.807809 0.000000 -0.589445
vn 0.000000 0.000000 -1.000000
s 1
g pCylinder1
usemtl pCylinder1SG
f 567/1/1 1/2/2 564/3/3 563/4/4
f 565/5/5 2/6/6 569/7/7 568/8/8
f 570/9/9 3/10/10 573/11/11 572/12/12
f 574/13/13 4/14/14 577/15/15 576/16/16
f 578/17/17 5/18/18 581/19/19 580/20/20
f 582/21/21 6/22/22 585/23/23 584/24/24
f 586/25/25 7/26/26 589/27/27 588/28/28
f 590/29/29 8/30/30 593/31/31 592/32/32
f 594/33/33 9/34/34 597/35/35 596/36/36
f 598/37/37 10/1072/38 601/39/39 600/40/40
f 602/41/41 11/42/42 605/43/43 604/44/44
f 606/45/45 12/46/46 609/47/47 608/48/48
f 610/49/49 13/50/50 613/51/51 612/52/52
f 614/53/53 14/54/54 617/55/55 616/56/56
f 618/57/57 15/58/58 621/59/59 620/60/60
f 622/61/61 16/62/62 625/63/63 624/64/64
f 626/65/65 17/66/66 629/67/67 628/68/68
f 630/69/69 18/70/70 633/71/71 632/72/72
f 634/73/73 19/74/74 637/75/75 636/76/76
f 638/77/77 20/1115/78 641/79/79 640/80/80
f 21/81/81 566/1041/82 22/83/83 42/84/84 41/85/85
f 22/83/83 571/1039/86 23/87/87 43/88/88 42/84/84
f 23/87/87 575/1037/89 24/90/90 44/91/91 43/88/88
f 24/90/90 579/1035/92 25/93/93 45/94/94 44/91/91
f 25/93/93 583/1033/95 26/96/96 46/97/97 45/94/94
f 26/96/96 587/1031/98 27/99/99 47/100/100 46/97/97
f 27/99/99 591/1029/101 28/102/102 48/103/103 47/100/100
f 28/102/102 595/1027/104 29/105/105 49/106/106 48/103/103
f 29/105/105 599/1025/107 30/108/108 50/1057/109 49/106/106
f 30/1058/108 603/1023/110 31/111/111 51/112/112 50/109/109
f 31/111/111 607/1021/113 32/114/114 52/115/115 51/112/112
f 32/114/114 611/1019/116 33/117/117 53/118/118 52/115/115
f 33/117/117 615/1017/119 34/120/120 54/121/121 53/118/118
f 34/120/120 619/1015/122 35/123/123 55/124/124 54/121/121
f 35/123/123 623/1013/125 36/126/126 56/127/127 55/124/124
f 36/126/126 627/1011/128 37/129/129 57/130/130 56/127/127
f 37/129/129 631/1009/131 38/132/132 58/133/133 57/130/130
f 38/132/132 635/1007/134 39/135/135 59/136/136 58/133/133
f 39/135/135 639/1005/137 40/138/138 60/139/139 59/136/136
f 40/138/138 642/1003/140 21/81/81 41/85/85 60/139/139
f 41/85/85 42/84/84 62/141/141 61/142/142
f 42/84/84 43/88/88 63/143/143 62/141/141
f 43/88/88 44/91/91 64/144/144 63/143/143
f 44/91/91 45/94/94 65/145/145 64/144/144
f 45/94/94 46/97/97 66/146/146 65/145/145
f 46/97/97 47/100/100 67/147/147 66/146/146
f 47/100/100 48/103/103 68/148/148 67/147/147
f 48/103/103 49/106/106 69/149/149 68/148/148
f 49/106/106 50/1057/109 70/1056/150 69/149/149
f 50/109/109 51/112/112 71/151/151 70/150/150
f 51/112/112 52/115/115 72/152/152 71/151/151
f 52/115/115 53/118/118 73/153/153 72/152/152
f 53/118/118 54/121/121 74/154/154 73/153/153
f 54/121/121 55/124/124 75/155/155 74/154/154
f 55/124/124 56/127/127 76/156/156 75/155/155
f 56/127/127 57/130/130 77/157/157 76/156/156
f 57/130/130 58/133/133 78/158/158 77/157/157
f 58/133/133 59/136/136 79/159/159 78/158/158
f 59/136/136 60/139/139 80/160/160 79/159/159
f 60/139/139 41/85/85 61/142/142 80/160/160
f 61/142/142 62/141/141 82/161/161 81/162/162
f 62/141/141 63/143/143 83/163/163 82/161/161
f 63/143/143 64/144/144 84/164/164 83/163/163
f 64/144/144 65/145/145 85/165/165 84/164/164
f 65/145/145 66/146/146 86/166/166 85/165/165
f 66/146/146 67/147/147 87/167/167 86/166/166
f 67/147/147 68/148/148 88/168/168 87/167/167
f 68/148/148 69/149/149 89/169/169 88/168/168
f 69/149/149 70/1056/150 90/1055/170 89/169/169
f 70/150/150 71/151/151 91/171/171 90/170/170
f 71/151/151 72/152/152 92/172/172 91/171/171
f 72/152/152 73/153/153 93/173/173 92/172/172
f 73/153/153 74/154/154 94/174/174 93/173/173
f 74/154/154 75/155/155 95/175/175 94/174/174
f 75/155/155 76/156/156 96/176/176 95/175/175
f 76/156/156 77/157/157 97/177/177 96/176/176
f 77/157/157 78/158/158 98/178/178 97/177/177
f 78/158/158 79/159/159 99/179/179 98/178/178
f 79/159/159 80/160/160 100/180/180 99/179/179
f 80/160/160 61/142/142 81/162/162 100/180/180
f 81/162/162 82/161/161 102/181/181 101/182/182
f 82/161/161 83/163/163 103/183/183 102/181/181
f 83/163/163 84/164/164 104/184/184 103/183/183
f 84/164/164 85/165/165 105/185/185 104/184/184
f 85/165/165 86/166/166 106/186/186 105/185/185
f 86/166/166 87/167/167 107/187/187 106/186/186
f 87/167/167 88/168/168 108/188/188 107/187/187
f 88/168/168 89/169/169 109/189/189 108/188/188
f 89/169/169 90/1055/170 110/1054/190 109/189/189
f 90/170/170 91/171/171 111/191/191 110/190/190
f 91/171/171 92/172/172 112/192/192 111/191/191
f 92/172/172 93/173/173 113/193/193 112/192/192
f 93/173/173 94/174/174 114/194/194 113/193/193
f 94/174/174 95/175/175 115/195/195 114/194/194
f 95/175/175 96/176/176 116/196/196 115/195/195
f 96/176/176 97/177/177 117/197/197 116/196/196
f 97/177/177 98/178/178 118/198/198 117/197/197
f 98/178/178 99/179/179 119/199/199 118/198/198
f 99/179/179 100/180/180 120/200/200 119/199/199
f 100/180/180 81/162/162 101/182/182 120/200/200
f 101/182/182 102/181/181 122/201/201 121/202/202
f 102/181/181 103/183/183 123/203/203 122/201/201
f 103/183/183 104/184/184 124/204/204 123/203/203
f 104/184/184 105/185/185 125/205/205 124/204/204
f 105/185/185 106/186/186 126/206/206 125/205/205
f 106/186/186 107/187/187 127/207/207 126/206/206
f 107/187/187 108/188/188 128/208/208 127/207/207
f 108/188/188 109/189/189 129/209/209 128/208/208
f 109/189/189 110/1054/190 130/1053/210 129/209/209
f 110/190/190 111/191/191 131/211/211 130/210/210
f 111/191/191 112/192/192 132/212/212 131/211/211
f 112/192/192 113/193/193 133/213/213 132/212/212
f 113/193/193 114/194/194 134/214/214 133/213/213
f 114/194/194 115/195/195 135/215/215 134/214/214
f 115/195/195 116/196/196 136/216/216 135/215/215
f 116/196/196 117/197/197 137/217/217 136/216/216
f 117/197/197 118/198/198 138/218/218 137/217/217
f 118/198/198 119/199/199 139/219/219 138/218/218
f 119/199/199 120/200/200 140/220/220 139/219/219
f 120/200/200 101/182/182 121/202/202 140/220/220
f 121/202/202 122/201/201 142/221/221 141/222/222
f 122/201/201 123/203/203 143/223/223 142/221/221
f 123/203/203 124/204/204 144/224/224 143/223/223
f 124/204/204 125/205/205 145/225/225 144/224/224
f 125/205/205 126/206/206 146/226/226 145/225/225
f 126/206/206 127/207/207 147/227/227 146/226/226
f 127/207/207 128/208/208 148/228/228 147/227/227
f 128/208/208 129/209/209 149/229/229 148/228/228
f 129/209/209 130/1053/210 150/1052/230 149/229/229
f 130/210/210 131/211/211 151/231/231 150/230/230
f 131/211/211 132/212/212 152/232/232 151/231/231
f 132/212/212 133/213/213 153/233/233 152/232/232
f 133/213/213 134/214/214 154/234/234 153/233/233
f 134/214/214 135/215/215 155/235/235 154/234/234
f 135/215/215 136/216/216 156/236/236 155/235/235
f 136/216/216 137/217/217 157/237/237 156/236/236
f 137/217/217 138/218/218 158/238/238 157/237/237
f 138/218/218 139/219/219 159/239/239 158/238/238
f 139/219/219 140/220/220 160/240/240 159/239/239
f 140/220/220 121/202/202 141/222/222 160/240/240
f 141/222/222 142/221/221 162/241/241 161/242/242
f 142/221/221 143/223/223 163/243/243 162/241/241
f 143/223/223 144/224/224 164/244/244 163/243/243
f 144/224/224 145/225/225 165/245/245 164/244/244
f 145/225/225 146/226/226 166/246/246 165/245/245
f 146/226/226 147/227/227 167/247/247 166/246/246
f 147/227/227 148/228/228 168/248/248 167/247/247
f 148/228/228 149/229/229 169/249/249 168/248/248
f 149/229/229 150/1052/230 170/1051/250 169/249/249
f 150/230/230 151/231/231 171/251/251 170/250/250
f 151/231/231 152/232/232 172/252/252 171/251/251
f 152/232/232 153/233/233 173/253/253 172/252/252
f 153/233/233 154/234/234 174/254/254 173/253/253
f 154/234/234 155/235/235 175/255/255 174/254/254
f 155/235/235 156/236/236 176/256/256 175/255/255
f 156/236/236 157/237/237 177/257/257 176/256/256
f 157/237/237 158/238/238 178/258/258 177/257/257
f 158/238/238 159/239/239 179/259/259 178/258/258
f 159/239/239 160/240/240 180/260/260 179/259/259
f 160/240/240 141/222/222 161/242/242 180/260/260
f 161/242/242 162/241/241 182/261/261 181/262/262
f 162/241/241 163/243/243 183/263/263 182/261/261
f 163/243/243 164/244/244 184/264/264 183/263/263
f 164/244/244 165/245/245 185/265/265 184/264/264
f 165/245/245 166/246/246 186/266/266 185/265/265
f 166/246/246 167/247/247 187/267/267 186/266/266
f 167/247/247 168/248/248 188/268/268 187/267/267
f 168/248/248 169/249/249 189/269/269 188/268/268
f 169/249/249 170/1051/250 190/1050/270 189/269/269
f 170/250/250 171/251/251 191/271/271 190/270/270
f 171/251/251 172/252/252 192/272/272 191/271/271
f 172/252/252 173/253/253 193/273/273 192/272/272
f 173/253/253 174/254/254 194/274/274 193/273/273
f 174/254/254 175/255/255 195/275/275 194/274/274
f 175/255/255 176/256/256 196/276/276 195/275/275
f 176/256/256 177/257/257 197/277/277 196/276/276
f 177/257/257 178/258/258 198/278/278 197/277/277
f 178/258/258 179/259/259 199/279/279 198/278/278
f 179/259/259 180/260/260 200/280/280 199/279/279
f 180/260/260 161/242/242 181/262/262 200/280/280
f 181/262/262 182/261/261 202/281/281 201/282/282
f 182/261/261 183/263/263 203/283/283 202/281/281
f 183/263/263 184/264/264 204/284/284 203/283/283
f 184/264/264 185/265/265 205/285/285 204/284/284
f 185/265/265 186/266/266 206/286/286 205/285/285
f 186/266/266 187/267/267 207/287/287 206/286/286
f 187/267/267 188/268/268 208/288/288 207/287/287
f 188/268/268 189/269/269 209/289/289 208/288/288
f 189/269/269 190/1050/270 210/1049/290 209/289/289
f 190/270/270 191/271/271 211/291/291 210/290/290
f 191/271/271 192/272/272 212/292/292 211/291/291
f 192/272/272 193/273/273 213/293/293 212/292/292
f 193/273/273 194/274/274 214/294/294 213/293/293
f 194/274/274 195/275/275 215/295/295 214/294/294
f 195/275/275 196/276/276 216/296/296 215/295/295
f 196/276/276 197/277/277 217/297/297 216/296/296
f 197/277/277 198/278/278 218/298/298 217/297/297
f 198/278/278 199/279/279 219/299/299 218/298/298
f 199/279/279 200/280/280 220/300/300 219/299/299
f 200/280/280 181/262/262 201/282/282 220/300/300
f 201/282/282 202/281/281 222/301/301 221/302/302
f 202/281/281 203/283/283 223/303/303 222/301/301
f 203/283/283 204/284/284 224/304/304 223/303/303
f 204/284/284 205/285/285 225/305/305 224/304/304
f 205/285/285 206/286/286 226/306/306 225/305/305
f 206/286/286 207/287/287 227/307/307 226/306/306
f 207/287/287 208/288/288 228/308/308 227/307/307
f 208/288/288 209/289/289 229/309/309 228/308/308
f 209/289/289 210/1049/290 230/1048/310 229/309/309
f 210/290/290 211/291/291 231/311/311 230/310/310
f 211/291/291 212/292/292 232/312/312 231/311/311
f 212/292/292 213/293/293 233/313/313 232/312/312
f 213/293/293 214/294/294 234/314/314 233/313/313
f 214/294/294 215/295/295 235/315/315 234/314/314
f 215/295/295 216/296/296 236/316/316 235/315/315
f 216/296/296 217/297/297 237/317/317 236/316/316
f 217/297/297 218/298/298 238/318/318 237/317/317
f 218/298/298 219/299/299 239/319/319 238/318/318
f 219/299/299 220/300/300 240/320/320 239/319/319
f 220/300/300 201/282/282 221/302/302 240/320/320
f 221/302/302 222/301/301 242/321/321 241/322/322
f 222/301/301 223/303/303 243/323/323 242/321/321
f 223/303/303 224/304/304 244/324/324 243/323/323
f 224/304/304 225/305/305 245/325/325 244/324/324
f 225/305/305 226/306/306 246/326/326 245/325/325
f 226/306/306 227/307/307 247/327/327 246/326/326
f 227/307/307 228/308/308 248/328/328 247/327/327
f 228/308/308 229/309/309 249/329/329 248/328/328
f 229/309/309 230/1048/310 250/1047/330 249/329/329
f 230/310/310 231/311/311 251/331/331 250/330/330
f 231/311/311 232/312/312 252/332/332 251/331/331
f 232/312/312 233/313/313 253/333/333 252/332/332
f 233/313/313 234/314/314 254/334/334 253/333/333
f 234/314/314 235/315/315 255/335/335 254/334/334
f 235/315/315 236/316/316 256/336/336 255/335/335
f 236/316/316 237/317/317 257/337/337 256/336/336
f 237/317/317 238/318/318 258/338/338 257/337/337
f 238/318/318 239/319/319 259/339/339 258/338/338
f 239/319/319 240/320/320 260/340/340 259/339/339
f 240/320/320 221/302/302 241/322/322 260/340/340
f 241/322/322 242/321/321 262/341/341 261/342/342
f 242/321/321 243/323/323 263/343/343 262/341/341
f 243/323/323 244/324/324 264/344/344 263/343/343
f 244/324/324 245/325/325 265/345/345 264/344/344
f 245/325/325 246/326/326 266/346/346 265/345/345
f 246/326/326 247/327/327 267/347/347 266/346/346
f 247/327/327 248/328/328 268/348/348 267/347/347
f 248/328/328 249/329/329 269/349/349 268/348/348
f 249/329/329 250/1047/330 270/1046/350 269/349/349
f 250/330/330 251/331/331 271/351/351 270/350/350
f 251/331/331 252/332/332 272/352/352 271/351/351
f 252/332/332 253/333/333 273/353/353 272/352/352
f 253/333/333 254/334/334 274/354/354 273/353/353
f 254/334/334 255/335/335 275/355/355 274/354/354
f 255/335/335 256/336/336 276/356/356 275/355/355
f 256/336/336 257/337/337 277/357/357 276/356/356
f 257/337/337 258/338/338 278/358/358 277/357/357
f 258/338/338 259/339/339 279/359/359 278/358/358
f 259/339/339 260/340/340 280/360/360 279/359/359
f 260/340/340 241/322/322 261/342/342 280/360/360
f 261/342/342 262/341/341 282/361/361 281/362/362
f 262/341/341 263/343/343 283/363/363 282/361/361
f 263/343/343 264/344/344 284/364/364 283/363/363
f 264/344/344 265/345/345 285/365/365 284/364/364
f 265/345/345 266/346/346 286/366/366 285/365/365
f 266/346/346 267/347/347 287/367/367 286/366/366
f 267/347/347 268/348/348 288/368/368 287/367/367
f 268/348/348 269/349/349 289/369/369 288/368/368
f 269/349/349 270/1046/350 290/1045/370 289/369/369
f 270/350/350 271/351/351 291/371/371 290/370/370
f 271/351/351 272/352/352 292/372/372 291/371/371
f 272/352/352 273/353/353 293/373/373 292/372/372
f 273/353/353 274/354/354 294/374/374 293/373/373
f 274/354/354 275/355/355 295/375/375 294/374/374
f 275/355/355 276/356/356 296/376/376 295/375/375
f 276/356/356 277/357/357 297/377/377 296/376/376
f 277/357/357 278/358/358 298/378/378 297/377/377
f 278/358/358 279/359/359 299/379/379 298/378/378
f 279/359/359 280/360/360 300/380/380 299/379/379
f 280/360/360 261/342/342 281/362/362 300/380/380
f 281/362/362 282/361/361 302/381/381 301/382/382
f 282/361/361 283/363/363 303/383/383 302/381/381
f 283/363/363 284/364/364 304/384/384 303/383/383
f 284/364/364 285/365/365 305/385/385 304/384/384
f 285/365/365 286/366/366 306/386/386 305/385/385
f 286/366/366 287/367/367 307/387/387 306/386/386
f 287/367/367 288/368/368 308/388/388 307/387/387
f 288/368/368 289/369/369 309/389/389 308/388/388
f 289/369/369 290/1045/370 310/1043/390 309/389/389
f 290/370/370 291/371/371 311/391/391 310/390/390
f 291/371/371 292/372/372 312/392/392 311/391/391
f 292/372/372 293/373/373 313/393/393 312/392/392
f 293/373/373 294/374/374 314/394/394 313/393/393
f 294/374/374 295/375/375 315/395/395 314/394/394
f 295/375/375 296/376/376 316/396/396 315/395/395
f 296/376/376 297/377/377 317/397/397 316/396/396
f 297/377/377 298/378/378 318/398/398 317/397/397
f 298/378/378 299/379/379 319/399/399 318/398/398
f 299/379/379 300/380/380 320/400/400 319/399/399
f 300/380/380 281/362/362 301/382/382 320/400/400
f 301/382/382 302/381/381 322/1002/401 321/984/402
f 302/381/381 303/383/383 323/1001/403 322/1002/401
f 303/383/383 304/384/384 324/1000/404 323/1001/403
f 304/384/384 305/385/385 325/999/405 324/1000/404
f 305/385/385 306/386/386 326/998/406 325/999/405
f 306/386/386 307/387/387 327/997/407 326/998/406
f 307/387/387 308/388/388 328/996/408 327/997/407
f 308/388/388 309/389/389 329/995/409 328/996/408
f 309/389/389 310/1043/390 330/1044/410 329/995/409
f 310/390/390 311/391/391 331/993/411 330/994/410
f 311/391/391 312/392/392 332/992/412 331/993/411
f 312/392/392 313/393/393 333/991/413 332/992/412
f 313/393/393 314/394/394 334/990/414 333/991/413
f 314/394/394 315/395/395 335/989/415 334/990/414
f 315/395/395 316/396/396 336/988/416 335/989/415
f 316/396/396 317/397/397 337/987/417 336/988/416
f 317/397/397 318/398/398 338/986/418 337/987/417
f 318/398/398 319/399/399 339/985/419 338/986/418
f 319/399/399 320/400/400 340/983/420 339/985/419
f 320/400/400 301/382/382 321/984/402 340/983/420
f 321/402/402 322/401/401 342/421/421 341/422/422
f 322/401/401 323/403/403 343/423/423 342/421/421
f 323/403/403 324/404/404 344/424/424 343/423/423
f 324/404/404 325/405/405 345/425/425 344/424/424
f 325/405/405 326/406/406 346/426/426 345/425/425
f 326/406/406 327/407/407 347/427/427 346/426/426
f 327/407/407 328/408/408 348/428/428 347/427/427
f 328/408/408 329/409/409 349/429/429 348/428/428
f 329/409/409 330/1100/410 350/1099/430 349/429/429
f 330/410/410 331/411/411 351/431/431 350/430/430
f 331/411/411 332/412/412 352/432/432 351/431/431
f 332/412/412 333/413/413 353/433/433 352/432/432
f 333/413/413 334/414/414 354/434/434 353/433/433
f 334/414/414 335/415/415 355/435/435 354/434/434
f 335/415/415 336/416/416 356/436/436 355/435/435
f 336/416/416 337/417/417 357/437/437 356/436/436
f 337/417/417 338/418/418 358/438/438 357/437/437
f 338/418/418 339/419/419 359/439/439 358/438/438
f 339/419/419 340/420/420 360/440/440 359/439/439
f 340/420/420 321/402/402 341/422/422 360/440/440
f 341/422/422 342/421/421 362/441/441 361/442/442
f 342/421/421 343/423/423 363/443/443 362/441/441
f 343/423/423 344/424/424 364/444/444 363/443/443
f 344/424/424 345/425/425 365/445/445 364/444/444
f 345/425/425 346/426/426 366/446/446 365/445/445
f 346/426/426 347/427/427 367/447/447 366/446/446
f 347/427/427 348/428/428 368/448/448 367/447/447
f 348/428/428 349/429/429 369/449/449 368/448/448
f 349/429/429 350/1099/430 370/1098/450 369/449/449
f 350/430/430 351/431/431 371/451/451 370/450/450
f 351/431/431 352/432/432 372/452/452 371/451/451
f 352/432/432 353/433/433 373/453/453 372/452/452
f 353/433/433 354/434/434 374/454/454 373/453/453
f 354/434/434 355/435/435 375/455/455 374/454/454
f 355/435/435 356/436/436 376/456/456 375/455/455
f 356/436/436 357/437/437 377/457/457 376/456/456
f 357/437/437 358/438/438 378/458/458 377/457/457
f 358/438/438 359/439/439 379/459/459 378/458/458
f 359/439/439 360/440/440 380/460/460 379/459/459
f 360/440/440 341/422/422 361/442/442 380/460/460
f 361/442/442 362/441/441 382/461/461 381/462/462
f 362/441/441 363/443/443 383/463/463 382/461/461
f 363/443/443 364/444/444 384/464/464 383/463/463
f 364/444/444 365/445/445 385/465/465 384/464/464
f 365/445/445 366/446/446 386/466/466 385/465/465
f 366/446/446 367/447/447 387/467/467 386/466/466
f 367/447/447 368/448/448 388/468/468 387/467/467
f 368/448/448 369/449/449 389/469/469 388/468/468
f 369/449/449 370/1098/450 390/1097/470 389/469/469
f 370/450/450 371/451/451 391/471/471 390/470/470
f 371/451/451 372/452/452 392/472/472 391/471/471
f 372/452/452 373/453/453 393/473/473 392/472/472
f 373/453/453 374/454/454 394/474/474 393/473/473
f 374/454/454 375/455/455 395/475/475 394/474/474
f 375/455/455 376/456/456 396/476/476 395/475/475
f 376/456/456 377/457/457 397/477/477 396/476/476
f 377/457/457 378/458/458 398/478/478 397/477/477
f 378/458/458 379/459/459 399/479/479 398/478/478
f 379/459/459 380/460/460 400/480/480 399/479/479
f 380/460/460 361/442/442 381/462/462 400/480/480
f 381/462/462 382/461/461 402/481/481 401/482/482
f 382/461/461 383/463/463 403/483/483 402/481/481
f 383/463/463 384/464/464 404/484/484 403/483/483
f 384/464/464 385/465/465 405/485/485 404/484/484
f 385/465/465 386/466/466 406/486/486 405/485/485
f 386/466/466 387/467/467 407/487/487 406/486/486
f 387/467/467 388/468/468 408/488/488 407/487/487
f 388/468/468 389/469/469 409/489/489 408/488/488
f 389/469/469 390/1097/470 410/1096/490 409/489/489
f 390/470/470 391/471/471 411/491/491 410/490/490
f 391/471/471 392/472/472 412/492/492 411/491/491
f 392/472/472 393/473/473 413/493/493 412/492/492
f 393/473/473 394/474/474 414/494/494 413/493/493
f 394/474/474 395/475/475 415/495/495 414/494/494
f 395/475/475 396/476/476 416/496/496 415/495/495
f 396/476/476 397/477/477 417/497/497 416/496/496
f 397/477/477 398/478/478 418/498/498 417/497/497
f 398/478/478 399/479/479 419/499/499 418/498/498
f 399/479/479 400/480/480 420/500/500 419/499/499
f 400/480/480 381/462/462 401/482/482 420/500/500
f 441/501/501 442/502/502 443/503/503
f 442/502/502 444/504/504 443/503/503
f 444/504/504 445/505/505 443/503/503
f 445/505/505 446/506/506 443/503/503
f 446/506/506 447/507/507 443/503/503
f 447/507/507 448/508/508 443/503/503
f 448/508/508 449/509/509 443/503/503
f 449/509/509 450/510/510 443/503/503
f 450/510/510 451/1093/511 443/503/503
f 451/511/511 452/512/512 443/503/503
f 452/512/512 453/513/513 443/503/503
f 453/513/513 454/514/514 443/503/503
f 454/514/514 455/515/515 443/503/503
f 455/515/515 456/516/516 443/503/503
f 456/516/516 457/517/517 443/503/503
f 457/517/517 458/518/518 443/503/503
f 458/518/518 459/519/519 443/503/503
f 459/519/519 460/520/520 443/503/503
f 460/520/520 461/521/521 443/503/503
f 461/521/521 441/501/501 443/503/503
f 401/482/482 402/481/481 422/1092/522 421/1074/523
f 402/481/481 403/483/483 423/1091/524 422/1092/522
f 403/483/483 404/484/484 424/1090/525 423/1091/524
f 404/484/484 405/485/485 425/1089/526 424/1090/525
f 405/485/485 406/486/486 426/1088/527 425/1089/526
f 406/486/486 407/487/487 427/1087/528 426/1088/527
f 407/487/487 408/488/488 428/1086/529 427/1087/528
f 408/488/488 409/489/489 429/1085/530 428/1086/529
f 409/489/489 410/1096/490 430/1094/531 429/1085/530
f 410/490/490 411/491/491 431/1083/532 430/1084/531
f 411/491/491 412/492/492 432/1082/533 431/1083/532
f 412/492/492 413/493/493 433/1081/534 432/1082/533
f 413/493/493 414/494/494 434/1080/535 433/1081/534
f 414/494/494 415/495/495 435/1079/536 434/1080/535
f 415/495/495 416/496/496 436/1078/537 435/1079/536
f 416/496/496 417/497/497 437/1077/538 436/1078/537
f 417/497/497 418/498/498 438/1076/539 437/1077/538
f 418/498/498 419/499/499 439/1075/540 438/1076/539
f 419/499/499 420/500/500 440/1073/541 439/1075/540
f 420/500/500 401/482/482 421/1074/523 440/1073/541
f 421/523/523 422/522/522 442/502/502 441/501/501
f 422/522/522 423/524/524 444/504/504 442/502/502
f 423/524/524 424/525/525 445/505/505 444/504/504
f 424/525/525 425/526/526 446/506/506 445/505/505
f 425/526/526 426/527/527 447/507/507 446/506/506
f 426/527/527 427/528/528 448/508/508 447/507/507
f 427/528/528 428/529/529 449/509/509 448/508/508
f 428/529/529 429/530/530 450/510/510 449/509/509
f 429/530/530 430/1095/531 451/1093/511 450/510/510
f 430/531/531 431/532/532 452/512/512 451/511/511
f 431/532/532 432/533/533 453/513/513 452/512/512
f 432/533/533 433/534/534 454/514/514 453/513/513
f 433/534/534 434/535/535 455/515/515 454/514/514
f 434/535/535 435/536/536 456/516/516 455/515/515
f 435/536/536 436/537/537 457/517/517 456/516/516
f 436/537/537 437/538/538 458/518/518 457/517/517
f 437/538/538 438/539/539 459/519/519 458/518/518
f 438/539/539 439/540/540 460/520/520 459/519/519
f 439/540/540 440/541/541 461/521/521 460/520/520
f 440/541/541 421/523/523 441/501/501 461/521/521
f 646/542/542 2/6/6 564/3/3 643/543/543
f 649/544/544 3/10/10 569/7/7 647/545/545
f 652/546/546 4/14/14 573/11/11 650/547/547
f 655/548/548 5/18/18 577/15/15 653/549/549
f 658/550/550 6/22/22 581/19/19 656/551/551
f 661/552/552 7/26/26 585/23/23 659/553/553
f 664/554/554 8/30/30 589/27/27 662/555/555
f 667/556/556 9/34/34 593/31/31 665/557/557
f 670/1068/558 10/38/38 597/35/35 668/559/559
f 673/560/560 11/42/42 601/39/39 671/561/561
f 676/562/562 12/46/46 605/43/43 674/563/563
f 679/564/564 13/50/50 609/47/47 677/565/565
f 682/566/566 14/54/54 613/51/51 680/567/567
f 685/568/568 15/58/58 617/55/55 683/569/569
f 688/570/570 16/62/62 621/59/59 686/571/571
f 691/572/572 17/66/66 625/63/63 689/573/573
f 694/574/574 18/70/70 629/67/67 692/575/575
f 697/576/576 19/74/74 633/71/71 695/577/577
f 700/1109/578 20/78/78 637/75/75 698/579/579
f 644/580/580 1/2/2 641/79/79 701/581/581
f 706/582/582 463/583/583 645/584/584 703/585/585
f 709/586/586 464/587/587 648/588/588 707/589/589
f 712/590/590 465/591/591 651/592/592 710/593/593
f 715/594/594 466/595/595 654/596/596 713/597/597
f 718/598/598 467/599/599 657/600/600 716/601/601
f 721/602/602 468/603/603 660/604/604 719/605/605
f 724/606/606 469/607/607 663/608/608 722/609/609
f 727/610/610 470/611/611 666/612/612 725/613/613
f 730/1066/614 471/1069/615 669/616/616 728/617/617
f 733/618/618 472/619/619 672/620/620 731/621/621
f 736/622/622 473/623/623 675/624/624 734/625/625
f 739/626/626 474/627/627 678/628/628 737/629/629
f 742/630/630 475/631/631 681/632/632 740/633/633
f 745/634/634 476/635/635 684/636/636 743/637/637
f 748/638/638 477/639/639 687/640/640 746/641/641
f 751/642/642 478/643/643 690/644/644 749/645/645
f 754/646/646 479/647/647 693/648/648 752/649/649
f 757/650/650 480/651/651 696/652/652 755/653/653
f 760/1107/654 481/1110/655 699/656/656 758/657/657
f 704/658/658 462/659/659 702/660/660 761/661/661
f 766/662/662 483/663/663 705/664/664 763/665/665
f 769/666/666 484/667/667 708/668/668 767/669/669
f 772/670/670 485/671/671 711/672/672 770/673/673
f 775/674/674 486/675/675 714/676/676 773/677/677
f 778/678/678 487/679/679 717/680/680 776/681/681
f 781/682/682 488/683/683 720/684/684 779/685/685
f 784/686/686 489/687/687 723/688/688 782/689/689
f 787/690/690 490/691/691 726/692/692 785/693/693
f 790/1065/694 491/1067/695 729/696/696 788/697/697
f 793/698/698 492/699/699 732/700/700 791/701/701
f 796/702/702 493/703/703 735/704/704 794/705/705
f 799/706/706 494/707/707 738/708/708 797/709/709
f 802/710/710 495/711/711 741/712/712 800/713/713
f 805/714/714 496/715/715 744/716/716 803/717/717
f 808/718/718 497/719/719 747/720/720 806/721/721
f 811/722/722 498/723/723 750/724/724 809/725/725
f 814/726/726 499/727/727 753/728/728 812/729/729
f 817/730/730 500/731/731 756/732/732 815/733/733
f 820/1106/734 501/1108/735 759/736/736 818/737/737
f 764/738/738 482/739/739 762/740/740 821/741/741
f 827/742/742 523/743/743 824/744/744 823/745/745
f 831/746/746 524/747/747 824/744/744 828/748/748
f 835/749/749 525/750/750 830/751/751 832/752/752
f 839/753/753 527/754/754 834/755/755 836/756/756
f 843/757/757 529/758/758 838/759/759 840/760/760
f 847/761/761 531/762/762 842/763/763 844/764/764
f 851/765/765 533/766/766 846/767/767 848/768/768
f 855/769/769 535/770/770 850/771/771 852/772/772
f 859/773/773 537/774/774 854/775/775 856/776/776
f 863/777/777 539/778/778 858/779/779 860/780/780
f 867/781/781 541/782/782 862/783/783 864/784/784
f 871/785/785 543/786/786 866/787/787 868/788/788
f 875/789/789 545/790/790 870/791/791 872/792/792
f 879/793/793 547/794/794 874/795/795 876/796/796
f 883/797/797 549/798/798 878/799/799 880/800/800
f 887/801/801 551/802/802 882/803/803 884/804/804
f 891/805/805 553/806/806 886/807/807 888/808/808
f 895/809/809 555/810/810 890/811/811 892/812/812
f 899/813/813 557/814/814 894/815/815 896/816/816
f 902/817/817 559/818/818 898/819/819 900/820/820
f 905/821/821 526/822/822 829/823/823 903/824/824
f 907/825/825 528/826/826 833/827/827 906/828/828
f 909/829/829 530/830/830 837/831/831 908/832/832
f 911/833/833 532/834/834 841/835/835 910/836/836
f 913/837/837 534/838/838 845/839/839 912/840/840
f 915/841/841 536/842/842 849/843/843 914/844/844
f 917/845/845 538/846/846 853/847/847 916/848/848
f 919/849/849 540/850/850 857/851/851 918/852/852
f 921/1061/853 542/854/854 861/855/855 920/856/856
f 923/857/857 544/858/858 865/859/859 922/860/860
f 925/861/861 546/862/862 869/863/863 924/864/864
f 927/865/865 548/866/866 873/867/867 926/868/868
f 929/869/869 550/870/870 877/871/871 928/872/872
f 931/873/873 552/874/874 881/875/875 930/876/876
f 933/877/877 554/878/878 885/879/879 932/880/880
f 935/881/881 556/882/882 889/883/883 934/884/884
f 937/885/885 558/886/886 893/887/887 936/888/888
f 939/889/889 560/890/890 897/891/891 938/892/892
f 941/1103/893 562/894/894 901/895/895 940/896/896
f 904/897/897 523/743/743 827/742/742 942/898/898
f 945/899/899 503/900/900 765/901/901 943/902/902
f 947/903/903 504/904/904 768/905/905 946/906/906
f 949/907/907 505/908/908 771/909/909 948/910/910
f 951/911/911 506/912/912 774/913/913 950/914/914
f 953/915/915 507/916/916 777/917/917 952/918/918
f 955/919/919 508/920/920 780/921/921 954/922/922
f 957/923/923 509/924/924 783/925/925 956/926/926
f 959/927/927 510/928/928 786/929/929 958/930/930
f 961/1059/931 511/932/932 789/933/933 960/934/934
f 963/935/935 512/936/936 792/937/937 962/938/938
f 965/939/939 513/940/940 795/941/941 964/942/942
f 967/943/943 514/944/944 798/945/945 966/946/946
f 969/947/947 515/948/948 801/949/949 968/950/950
f 971/951/951 516/952/952 804/953/953 970/954/954
f 973/955/955 517/956/956 807/957/957 972/958/958
f 975/959/959 518/960/960 810/961/961 974/962/962
f 977/963/963 519/964/964 813/965/965 976/966/966
f 979/967/967 520/968/968 816/969/969 978/970/970
f 981/1101/971 521/972/972 819/973/973 980/974/974
f 944/975/975 502/976/976 822/977/977 982/978/978
f 564/3/3 2/6/6 565/5/5 563/4/4
f 565/5/5 22/1042/83 566/82/82 563/4/4
f 566/82/82 21/1004/81 567/1/1 563/4/4
f 569/7/7 3/10/10 570/9/9 568/8/8
f 570/9/9 23/1040/87 571/86/86 568/8/8
f 571/86/86 22/1042/83 565/5/5 568/8/8
f 573/11/11 4/14/14 574/13/13 572/12/12
f 574/13/13 24/1038/90 575/89/89 572/12/12
f 575/89/89 23/1040/87 570/9/9 572/12/12
f 577/15/15 5/18/18 578/17/17 576/16/16
f 578/17/17 25/1036/93 579/92/92 576/16/16
f 579/92/92 24/1038/90 574/13/13 576/16/16
f 581/19/19 6/22/22 582/21/21 580/20/20
f 582/21/21 26/1034/96 583/95/95 580/20/20
f 583/95/95 25/1036/93 578/17/17 580/20/20
f 585/23/23 7/26/26 586/25/25 584/24/24
f 586/25/25 27/1032/99 587/98/98 584/24/24
f 587/98/98 26/1034/96 582/21/21 584/24/24
f 589/27/27 8/30/30 590/29/29 588/28/28
f 590/29/29 28/1030/102 591/101/101 588/28/28
f 591/101/101 27/1032/99 586/25/25 588/28/28
f 593/31/31 9/34/34 594/33/33 592/32/32
f 594/33/33 29/1028/105 595/104/104 592/32/32
f 595/104/104 28/1030/102 590/29/29 592/32/32
f 597/35/35 10/38/38 598/1070/37 596/36/36
f 598/1070/37 30/1071/108 599/107/107 596/36/36
f 599/107/107 29/1028/105 594/33/33 596/36/36
f 601/39/39 11/42/42 602/41/41 600/40/40
f 602/41/41 31/1024/111 603/110/110 600/40/40
f 603/110/110 30/1026/108 598/37/37 600/40/40
f 605/43/43 12/46/46 606/45/45 604/44/44
f 606/45/45 32/1022/114 607/113/113 604/44/44
f 607/113/113 31/1024/111 602/41/41 604/44/44
f 609/47/47 13/50/50 610/49/49 608/48/48
f 610/49/49 33/1020/117 611/116/116 608/48/48
f 611/116/116 32/1022/114 606/45/45 608/48/48
f 613/51/51 14/54/54 614/53/53 612/52/52
f 614/53/53 34/1018/120 615/119/119 612/52/52
f 615/119/119 33/1020/117 610/49/49 612/52/52
f 617/55/55 15/58/58 618/57/57 616/56/56
f 618/57/57 35/1016/123 619/122/122 616/56/56
f 619/122/122 34/1018/120 614/53/53 616/56/56
f 621/59/59 16/62/62 622/61/61 620/60/60
f 622/61/61 36/1014/126 623/125/125 620/60/60
f 623/125/125 35/1016/123 618/57/57 620/60/60
f 625/63/63 17/66/66 626/65/65 624/64/64
f 626/65/65 37/1012/129 627/128/128 624/64/64
f 627/128/128 36/1014/126 622/61/61 624/64/64
f 629/67/67 18/70/70 630/69/69 628/68/68
f 630/69/69 38/1010/132 631/131/131 628/68/68
f 631/131/131 37/1012/129 626/65/65 628/68/68
f 633/71/71 19/74/74 634/73/73 632/72/72
f 634/73/73 39/1008/135 635/134/134 632/72/72
f 635/134/134 38/1010/132 630/69/69 632/72/72
f 637/75/75 20/78/78 638/1111/77 636/76/76
f 638/1111/77 40/1112/138 639/137/137 636/76/76
f 639/137/137 39/1008/135 634/73/73 636/76/76
f 641/79/79 1/2/2 567/1/1 640/80/80
f 567/1/1 21/1004/81 642/140/140 640/80/80
f 642/140/140 40/1006/138 638/77/77 640/80/80
f 564/3/3 1/2/2 644/580/580 643/543/543
f 644/580/580 462/659/659 645/584/584 643/543/543
f 645/584/584 463/583/583 646/542/542 643/543/543
f 569/7/7 2/6/6 646/542/542 647/545/545
f 646/542/542 463/583/583 648/588/588 647/545/545
f 648/588/588 464/587/587 649/544/544 647/545/545
f 573/11/11 3/10/10 649/544/544 650/547/547
f 649/544/544 464/587/587 651/592/592 650/547/547
f 651/592/592 465/591/591 652/546/546 650/547/547
f 577/15/15 4/14/14 652/546/546 653/549/549
f 652/546/546 465/591/591 654/596/596 653/549/549
f 654/596/596 466/595/595 655/548/548 653/549/549
f 581/19/19 5/18/18 655/548/548 656/551/551
f 655/548/548 466/595/595 657/600/600 656/551/551
f 657/600/600 467/599/599 658/550/550 656/551/551
f 585/23/23 6/22/22 658/550/550 659/553/553
f 658/550/550 467/599/599 660/604/604 659/553/553
f 660/604/604 468/603/603 661/552/552 659/553/553
f 589/27/27 7/26/26 661/552/552 662/555/555
f 661/552/552 468/603/603 663/608/608 662/555/555
f 663/608/608 469/607/607 664/554/554 662/555/555
f 593/31/31 8/30/30 664/554/554 665/557/557
f 664/554/554 469/607/607 666/612/612 665/557/557
f 666/612/612 470/611/611 667/556/556 665/557/557
f 597/35/35 9/34/34 667/556/556 668/559/559
f 667/556/556 470/611/611 669/616/616 668/559/559
f 669/616/616 471/1069/615 670/1068/558 668/559/559
f 601/39/39 10/1072/38 670/558/558 671/561/561
f 670/558/558 471/615/615 672/620/620 671/561/561
f 672/620/620 472/619/619 673/560/560 671/561/561
f 605/43/43 11/42/42 673/560/560 674/563/563
f 673/560/560 472/619/619 675/624/624 674/563/563
f 675/624/624 473/623/623 676/562/562 674/563/563
f 609/47/47 12/46/46 676/562/562 677/565/565
f 676/562/562 473/623/623 678/628/628 677/565/565
f 678/628/628 474/627/627 679/564/564 677/565/565
f 613/51/51 13/50/50 679/564/564 680/567/567
f 679/564/564 474/627/627 681/632/632 680/567/567
f 681/632/632 475/631/631 682/566/566 680/567/567
f 617/55/55 14/54/54 682/566/566 683/569/569
f 682/566/566 475/631/631 684/636/636 683/569/569
f 684/636/636 476/635/635 685/568/568 683/569/569
f 621/59/59 15/58/58 685/568/568 686/571/571
f 685/568/568 476/635/635 687/640/640 686/571/571
f 687/640/640 477/639/639 688/570/570 686/571/571
f 625/63/63 16/62/62 688/570/570 689/573/573
f 688/570/570 477/639/639 690/644/644 689/573/573
f 690/644/644 478/643/643 691/572/572 689/573/573
f 629/67/67 17/66/66 691/572/572 692/575/575
f 691/572/572 478/643/643 693/648/648 692/575/575
f 693/648/648 479/647/647 694/574/574 692/575/575
f 633/71/71 18/70/70 694/574/574 695/577/577
f 694/574/574 479/647/647 696/652/652 695/577/577
f 696/652/652 480/651/651 697/576/576 695/577/577
f 637/75/75 19/74/74 697/576/576 698/579/579
f 697/576/576 480/651/651 699/656/656 698/579/579
f 699/656/656 481/1110/655 700/1109/578 698/579/579
f 641/79/79 20/1115/78 700/578/578 701/581/581
f 700/578/578 481/655/655 702/660/660 701/581/581
f 702/660/660 462/659/659 644/580/580 701/581/581
f 645/584/584 462/659/659 704/658/658 703/585/585
f 704/658/658 482/739/739 705/664/664 703/585/585
f 705/664/664 483/663/663 706/582/582 703/585/585
f 648/588/588 463/583/583 706/582/582 707/589/589
f 706/582/582 483/663/663 708/668/668 707/589/589
f 708/668/668 484/667/667 709/586/586 707/589/589
f 651/592/592 464/587/587 709/586/586 710/593/593
f 709/586/586 484/667/667 711/672/672 710/593/593
f 711/672/672 485/671/671 712/590/590 710/593/593
f 654/596/596 465/591/591 712/590/590 713/597/597
f 712/590/590 485/671/671 714/676/676 713/597/597
f 714/676/676 486/675/675 715/594/594 713/597/597
f 657/600/600 466/595/595 715/594/594 716/601/601
f 715/594/594 486/675/675 717/680/680 716/601/601
f 717/680/680 487/679/679 718/598/598 716/601/601
f 660/604/604 467/599/599 718/598/598 719/605/605
f 718/598/598 487/679/679 720/684/684 719/605/605
f 720/684/684 488/683/683 721/602/602 719/605/605
f 663/608/608 468/603/603 721/602/602 722/609/609
f 721/602/602 488/683/683 723/688/688 722/609/609
f 723/688/688 489/687/687 724/606/606 722/609/609
f 666/612/612 469/607/607 724/606/606 725/613/613
f 724/606/606 489/687/687 726/692/692 725/613/613
f 726/692/692 490/691/691 727/610/610 725/613/613
f 669/616/616 470/611/611 727/610/610 728/617/617
f 727/610/610 490/691/691 729/696/696 728/617/617
f 729/696/696 491/1067/695 730/1066/614 728/617/617
f 672/620/620 471/615/615 730/614/614 731/621/621
f 730/614/614 491/695/695 732/700/700 731/621/621
f 732/700/700 492/699/699 733/618/618 731/621/621
f 675/624/624 472/619/619 733/618/618 734/625/625
f 733/618/618 492/699/699 735/704/704 734/625/625
f 735/704/704 493/703/703 736/622/622 734/625/625
f 678/628/628 473/623/623 736/622/622 737/629/629
f 736/622/622 493/703/703 738/708/708 737/629/629
f 738/708/708 494/707/707 739/626/626 737/629/629
f 681/632/632 474/627/627 739/626/626 740/633/633
f 739/626/626 494/707/707 741/712/712 740/633/633
f 741/712/712 495/711/711 742/630/630 740/633/633
f 684/636/636 475/631/631 742/630/630 743/637/637
f 742/630/630 495/711/711 744/716/716 743/637/637
f 744/716/716 496/715/715 745/634/634 743/637/637
f 687/640/640 476/635/635 745/634/634 746/641/641
f 745/634/634 496/715/715 747/720/720 746/641/641
f 747/720/720 497/719/719 748/638/638 746/641/641
f 690/644/644 477/639/639 748/638/638 749/645/645
f 748/638/638 497/719/719 750/724/724 749/645/645
f 750/724/724 498/723/723 751/642/642 749/645/645
f 693/648/648 478/643/643 751/642/642 752/649/649
f 751/642/642 498/723/723 753/728/728 752/649/649
f 753/728/728 499/727/727 754/646/646 752/649/649
f 696/652/652 479/647/647 754/646/646 755/653/653
f 754/646/646 499/727/727 756/732/732 755/653/653
f 756/732/732 500/731/731 757/650/650 755/653/653
f 699/656/656 480/651/651 757/650/650 758/657/657
f 757/650/650 500/731/731 759/736/736 758/657/657
f 759/736/736 501/1108/735 760/1107/654 758/657/657
f 702/660/660 481/655/655 760/654/654 761/661/661
f 760/654/654 501/735/735 762/740/740 761/661/661
f 762/740/740 482/739/739 704/658/658 761/661/661
f 705/664/664 482/739/739 764/738/738 763/665/665
f 764/738/738 502/976/976 765/901/901 763/665/665
f 765/901/901 503/900/900 766/662/662 763/665/665
f 708/668/668 483/663/663 766/662/662 767/669/669
f 766/662/662 503/900/900 768/905/905 767/669/669
f 768/905/905 504/904/904 769/666/666 767/669/669
f 711/672/672 484/667/667 769/666/666 770/673/673
f 769/666/666 504/904/904 771/909/909 770/673/673
f 771/909/909 505/908/908 772/670/670 770/673/673
f 714/676/676 485/671/671 772/670/670 773/677/677
f 772/670/670 505/908/908 774/913/913 773/677/677
f 774/913/913 506/912/912 775/674/674 773/677/677
f 717/680/680 486/675/675 775/674/674 776/681/681
f 775/674/674 506/912/912 777/917/917 776/681/681
f 777/917/917 507/916/916 778/678/678 776/681/681
f 720/684/684 487/679/679 778/678/678 779/685/685
f 778/678/678 507/916/916 780/921/921 779/685/685
f 780/921/921 508/920/920 781/682/682 779/685/685
f 723/688/688 488/683/683 781/682/682 782/689/689
f 781/682/682 508/920/920 783/925/925 782/689/689
f 783/925/925 509/924/924 784/686/686 782/689/689
f 726/692/692 489/687/687 784/686/686 785/693/693
f 784/686/686 509/924/924 786/929/929 785/693/693
f 786/929/929 510/928/928 787/690/690 785/693/693
f 729/696/696 490/691/691 787/690/690 788/697/697
f 787/690/690 510/928/928 789/933/933 788/697/697
f 789/933/933 511/932/932 790/1065/694 788/697/697
f 732/700/700 491/695/695 790/694/694 791/701/701
f 790/694/694 511/1060/932 792/937/937 791/701/701
f 792/937/937 512/936/936 793/698/698 791/701/701
f 735/704/704 492/699/699 793/698/698 794/705/705
f 793/698/698 512/936/936 795/941/941 794/705/705
f 795/941/941 513/940/940 796/702/702 794/705/705
f 738/708/708 493/703/703 796/702/702 797/709/709
f 796/702/702 513/940/940 798/945/945 797/709/709
f 798/945/945 514/944/944 799/706/706 797/709/709
f 741/712/712 494/707/707 799/706/706 800/713/713
f 799/706/706 514/944/944 801/949/949 800/713/713
f 801/949/949 515/948/948 802/710/710 800/713/713
f 744/716/716 495/711/711 802/710/710 803/717/717
f 802/710/710 515/948/948 804/953/953 803/717/717
f 804/953/953 516/952/952 805/714/714 803/717/717
f 747/720/720 496/715/715 805/714/714 806/721/721
f 805/714/714 516/952/952 807/957/957 806/721/721
f 807/957/957 517/956/956 808/718/718 806/721/721
f 750/724/724 497/719/719 808/718/718 809/725/725
f 808/718/718 517/956/956 810/961/961 809/725/725
f 810/961/961 518/960/960 811/722/722 809/725/725
f 753/728/728 498/723/723 811/722/722 812/729/729
f 811/722/722 518/960/960 813/965/965 812/729/729
f 813/965/965 519/964/964 814/726/726 812/729/729
f 756/732/732 499/727/727 814/726/726 815/733/733
f 814/726/726 519/964/964 816/969/969 815/733/733
f 816/969/969 520/968/968 817/730/730 815/733/733
f 759/736/736 500/731/731 817/730/730 818/737/737
f 817/730/730 520/968/968 819/973/973 818/737/737
f 819/973/973 521/972/972 820/1106/734 818/737/737
f 762/740/740 501/735/735 820/734/734 821/741/741
f 820/734/734 521/1102/972 822/977/977 821/741/741
f 822/977/977 502/976/976 764/738/738 821/741/741
f 824/744/744 524/747/747 825/979/979 823/745/745
f 825/979/979 561/980/980 826/1105/981 823/745/745
f 826/1105/981 562/1104/894 827/742/742 823/745/745
f 824/744/744 523/743/743 829/823/823 828/748/748
f 829/823/823 526/822/822 830/751/751 828/748/748
f 830/751/751 525/750/750 831/746/746 828/748/748
f 830/751/751 526/822/822 833/827/827 832/752/752
f 833/827/827 528/826/826 834/755/755 832/752/752
f 834/755/755 527/754/754 835/749/749 832/752/752
f 834/755/755 528/826/826 837/831/831 836/756/756
f 837/831/831 530/830/830 838/759/759 836/756/756
f 838/759/759 529/758/758 839/753/753 836/756/756
f 838/759/759 530/830/830 841/835/835 840/760/760
f 841/835/835 532/834/834 842/763/763 840/760/760
f 842/763/763 531/762/762 843/757/757 840/760/760
f 842/763/763 532/834/834 845/839/839 844/764/764
f 845/839/839 534/838/838 846/767/767 844/764/764
f 846/767/767 533/766/766 847/761/761 844/764/764
f 846/767/767 534/838/838 849/843/843 848/768/768
f 849/843/843 536/842/842 850/771/771 848/768/768
f 850/771/771 535/770/770 851/765/765 848/768/768
f 850/771/771 536/842/842 853/847/847 852/772/772
f 853/847/847 538/846/846 854/775/775 852/772/772
f 854/775/775 537/774/774 855/769/769 852/772/772
f 854/775/775 538/846/846 857/851/851 856/776/776
f 857/851/851 540/850/850 858/779/779 856/776/776
f 858/779/779 539/778/778 859/773/773 856/776/776
f 858/779/779 540/850/850 861/855/855 860/780/780
f 861/855/855 542/854/854 862/1063/783 860/780/780
f 862/1063/783 541/1064/782 863/777/777 860/780/780
f 862/783/783 542/1062/854 865/859/859 864/784/784
f 865/859/859 544/858/858 866/787/787 864/784/784
f 866/787/787 543/786/786 867/781/781 864/784/784
f 866/787/787 544/858/858 869/863/863 868/788/788
f 869/863/863 546/862/862 870/791/791 868/788/788
f 870/791/791 545/790/790 871/785/785 868/788/788
f 870/791/791 546/862/862 873/867/867 872/792/792
f 873/867/867 548/866/866 874/795/795 872/792/792
f 874/795/795 547/794/794 875/789/789 872/792/792
f 874/795/795 548/866/866 877/871/871 876/796/796
f 877/871/871 550/870/870 878/799/799 876/796/796
f 878/799/799 549/798/798 879/793/793 876/796/796
f 878/799/799 550/870/870 881/875/875 880/800/800
f 881/875/875 552/874/874 882/803/803 880/800/800
f 882/803/803 551/802/802 883/797/797 880/800/800
f 882/803/803 552/874/874 885/879/879 884/804/804
f 885/879/879 554/878/878 886/807/807 884/804/804
f 886/807/807 553/806/806 887/801/801 884/804/804
f 886/807/807 554/878/878 889/883/883 888/808/808
f 889/883/883 556/882/882 890/811/811 888/808/808
f 890/811/811 555/810/810 891/805/805 888/808/808
f 890/811/811 556/882/882 893/887/887 892/812/812
f 893/887/887 558/886/886 894/815/815 892/812/812
f 894/815/815 557/814/814 895/809/809 892/812/812
f 894/815/815 558/886/886 897/891/891 896/816/816
f 897/891/891 560/890/890 898/819/819 896/816/816
f 898/819/819 559/818/818 899/813/813 896/816/816
f 898/819/819 560/890/890 901/895/895 900/820/820
f 901/895/895 562/894/894 826/981/981 900/820/820
f 826/981/981 561/1113/980 902/817/817 900/820/820
f 829/823/823 523/743/743 904/897/897 903/824/824
f 904/897/897 522/982/982 905/821/821 903/824/824
f 833/827/827 526/822/822 905/821/821 906/828/828
f 905/821/821 522/982/982 907/825/825 906/828/828
f 837/831/831 528/826/826 907/825/825 908/832/832
f 907/825/825 522/982/982 909/829/829 908/832/832
f 841/835/835 530/830/830 909/829/829 910/836/836
f 909/829/829 522/982/982 911/833/833 910/836/836
f 845/839/839 532/834/834 911/833/833 912/840/840
f 911/833/833 522/982/982 913/837/837 912/840/840
f 849/843/843 534/838/838 913/837/837 914/844/844
f 913/837/837 522/982/982 915/841/841 914/844/844
f 853/847/847 536/842/842 915/841/841 916/848/848
f 915/841/841 522/982/982 917/845/845 916/848/848
f 857/851/851 538/846/846 917/845/845 918/852/852
f 917/845/845 522/982/982 919/849/849 918/852/852
f 861/855/855 540/850/850 919/849/849 920/856/856
f 919/849/849 522/982/982 921/1061/853 920/856/856
f 865/859/859 542/1062/854 921/853/853 922/860/860
f 921/853/853 522/1114/982 923/857/857 922/860/860
f 869/863/863 544/858/858 923/857/857 924/864/864
f 923/857/857 522/1114/982 925/861/861 924/864/864
f 873/867/867 546/862/862 925/861/861 926/868/868
f 925/861/861 522/1114/982 927/865/865 926/868/868
f 877/871/871 548/866/866 927/865/865 928/872/872
f 927/865/865 522/1114/982 929/869/869 928/872/872
f 881/875/875 550/870/870 929/869/869 930/876/876
f 929/869/869 522/1114/982 931/873/873 930/876/876
f 885/879/879 552/874/874 931/873/873 932/880/880
f 931/873/873 522/1114/982 933/877/877 932/880/880
f 889/883/883 554/878/878 933/877/877 934/884/884
f 933/877/877 522/1114/982 935/881/881 934/884/884
f 893/887/887 556/882/882 935/881/881 936/888/888
f 935/881/881 522/1114/982 937/885/885 936/888/888
f 897/891/891 558/886/886 937/885/885 938/892/892
f 937/885/885 522/1114/982 939/889/889 938/892/892
f 901/895/895 560/890/890 939/889/889 940/896/896
f 939/889/889 522/1114/982 941/1103/893 940/896/896
f 827/742/742 562/1104/894 941/893/893 942/898/898
f 941/893/893 522/982/982 904/897/897 942/898/898
f 765/901/901 502/976/976 944/975/975 943/902/902
f 944/975/975 524/747/747 831/746/746 943/902/902
f 831/746/746 525/750/750 945/899/899 943/902/902
f 768/905/905 503/900/900 945/899/899 946/906/906
f 945/899/899 525/750/750 835/749/749 946/906/906
f 835/749/749 527/754/754 947/903/903 946/906/906
f 771/909/909 504/904/904 947/903/903 948/910/910
f 947/903/903 527/754/754 839/753/753 948/910/910
f 839/753/753 529/758/758 949/907/907 948/910/910
f 774/913/913 505/908/908 949/907/907 950/914/914
f 949/907/907 529/758/758 843/757/757 950/914/914
f 843/757/757 531/762/762 951/911/911 950/914/914
f 777/917/917 506/912/912 951/911/911 952/918/918
f 951/911/911 531/762/762 847/761/761 952/918/918
f 847/761/761 533/766/766 953/915/915 952/918/918
f 780/921/921 507/916/916 953/915/915 954/922/922
f 953/915/915 533/766/766 851/765/765 954/922/922
f 851/765/765 535/770/770 955/919/919 954/922/922
f 783/925/925 508/920/920 955/919/919 956/926/926
f 955/919/919 535/770/770 855/769/769 956/926/926
f 855/769/769 537/774/774 957/923/923 956/926/926
f 786/929/929 509/924/924 957/923/923 958/930/930
f 957/923/923 537/774/774 859/773/773 958/930/930
f 859/773/773 539/778/778 959/927/927 958/930/930
f 789/933/933 510/928/928 959/927/927 960/934/934
f 959/927/927 539/778/778 863/777/777 960/934/934
f 863/777/777 541/1064/782 961/1059/931 960/934/934
f 792/937/937 511/1060/932 961/931/931 962/938/938
f 961/931/931 541/782/782 867/781/781 962/938/938
f 867/781/781 543/786/786 963/935/935 962/938/938
f 795/941/941 512/936/936 963/935/935 964/942/942
f 963/935/935 543/786/786 871/785/785 964/942/942
f 871/785/785 545/790/790 965/939/939 964/942/942
f 798/945/945 513/940/940 965/939/939 966/946/946
f 965/939/939 545/790/790 875/789/789 966/946/946
f 875/789/789 547/794/794 967/943/943 966/946/946
f 801/949/949 514/944/944 967/943/943 968/950/950
f 967/943/943 547/794/794 879/793/793 968/950/950
f 879/793/793 549/798/798 969/947/947 968/950/950
f 804/953/953 515/948/948 969/947/947 970/954/954
f 969/947/947 549/798/798 883/797/797 970/954/954
f 883/797/797 551/802/802 971/951/951 970/954/954
f 807/957/957 516/952/952 971/951/951 972/958/958
f 971/951/951 551/802/802 887/801/801 972/958/958
f 887/801/801 553/806/806 973/955/955 972/958/958
f 810/961/961 517/956/956 973/955/955 974/962/962
f 973/955/955 553/806/806 891/805/805 974/962/962
f 891/805/805 555/810/810 975/959/959 974/962/962
f 813/965/965 518/960/960 975/959/959 976/966/966
f 975/959/959 555/810/810 895/809/809 976/966/966
f 895/809/809 557/814/814 977/963/963 976/966/966
f 816/969/969 519/964/964 977/963/963 978/970/970
f 977/963/963 557/814/814 899/813/813 978/970/970
f 899/813/813 559/818/818 979/967/967 978/970/970
f 819/973/973 520/968/968 979/967/967 980/974/974
f 979/967/967 559/818/818 902/817/817 980/974/974
f 902/817/817 561/1113/980 981/1101/971 980/974/974
f 822/977/977 521/1102/972 981/971/971 982/978/978
f 981/971/971 561/980/980 825/979/979 982/978/978
f 825/979/979 524/747/747 944/975/975 982/978/978
